b_num,GENE_name,Len
b0001,thrL,21
b0002,thrA,820
b0003,thrB,310
b0004,thrC,428
b0005,yaaX,98
b0006,yaaA,258
b0007,yaaJ,476
b0008,talB,317
b0009,mog,195
b0010,satP,188
b0011,yaaW,237
b0012,mbiA,161
b0013,yaaI,134
b0014,dnaK,638
b0015,dnaJ,376
b0016,insL-1,370
b0018,mokC,69
b0019,nhaA,388
b0020,nhaR,301
b0021,insB-1,167
b0022,insA-1,91
b0023,rpsT,87
b0024,yaaY,72
b0025,ribF,313
b0026,ileS,938
b0027,lspA,164
b0028,fkpB,149
b0029,ispH,316
b0030,rihC,304
b0031,dapB,273
b0032,carA,382
b0033,carB,1073
b0034,caiF,131
b0035,caiE,196
b0036,caiD,261
b0037,caiC,517
b0038,caiB,405
b0039,caiA,380
b0040,caiT,504
b0041,fixA,256
b0042,fixB,313
b0043,fixC,428
b0044,fixX,95
b0045,yaaU,443
b0046,kefF,176
b0047,kefC,620
b0048,folA,159
b0049,apaH,280
b0050,apaG,125
b0051,rsmA,273
b0052,pdxA,329
b0053,surA,428
b0054,lptD,784
b0055,djlA,271
b0056,yabP,216
b0057,yabQ,52
b0058,rluA,219
b0059,rapA,968
b0060,polB,783
b0061,araD,231
b0062,araA,500
b0063,araB,566
b0064,araC,292
b0065,yabI,254
b0066,thiQ,232
b0067,thiP,536
b0068,thiB,327
b0069,sgrR,551
b0070,setA,392
b0071,leuD,201
b0072,leuC,466
b0073,leuB,363
b0074,leuA,523
b0075,leuL,28
b0076,leuO,314
b0077,ilvI,574
b0078,ilvH,163
b0080,cra,334
b0081,mraZ,152
b0082,rsmH,313
b0083,ftsL,121
b0084,ftsI,588
b0085,murE,495
b0086,murF,452
b0087,mraY,360
b0088,murD,438
b0089,ftsW,414
b0090,murG,355
b0091,murC,491
b0092,ddlB,306
b0093,ftsQ,276
b0094,ftsA,420
b0095,ftsZ,383
b0096,lpxC,305
b0097,secM,170
b0098,secA,901
b0099,mutT,129
b0101,yacG,65
b0102,zapD,247
b0103,coaE,206
b0104,guaC,347
b0106,hofC,400
b0107,hofB,461
b0108,ppdD,146
b0109,nadC,297
b0110,ampD,183
b0111,ampE,284
b0112,aroP,457
b0113,pdhR,254
b0114,aceE,887
b0115,aceF,630
b0116,lpd,474
b0117,yacH,617
b0118,acnB,865
b0119,yacL,120
b0120,speD,264
b0121,speE,288
b0122,yacC,115
b0123,cueO,516
b0124,gcd,796
b0125,hpt,178
b0126,can,220
b0127,yadG,308
b0128,yadH,256
b0129,yadI,146
b0130,yadE,409
b0131,panD,126
b0132,rpnC,300
b0133,panC,283
b0134,panB,264
b0135,yadC,412
b0136,yadK,198
b0137,yadL,201
b0138,yadM,189
b0139,htrE,865
b0140,yadV,246
b0141,yadN,194
b0142,folK,159
b0143,pcnB,465
b0144,gluQ,308
b0145,dksA,151
b0146,sfsA,234
b0147,thpR,176
b0148,hrpB,809
b0149,mrcB,844
b0150,fhuA,747
b0151,fhuC,265
b0152,fhuD,296
b0153,fhuB,660
b0154,hemL,426
b0155,clcA,473
b0156,erpA,114
b0157,yadS,207
b0158,btuF,266
b0159,mtn,232
b0160,dgt,505
b0161,degP,474
b0162,cdaR,385
b0163,yaeH,128
b0164,yaeI,270
b0166,dapD,274
b0167,glnD,890
b0168,map,264
b0169,rpsB,241
b0170,tsf,283
b0171,pyrH,241
b0172,frr,185
b0173,dxr,398
b0174,ispU,253
b0175,cdsA,285
b0176,rseP,450
b0177,bamA,810
b0178,skp,161
b0179,lpxD,341
b0180,fabZ,151
b0181,lpxA,262
b0182,lpxB,382
b0183,rnhB,198
b0184,dnaE,1160
b0185,accA,319
b0186,ldcC,713
b0187,yaeR,129
b0188,tilS,432
b0189,rof,84
b0190,yaeQ,181
b0191,arfB,140
b0192,nlpE,236
b0193,yaeF,274
b0194,proS,572
b0195,trmO,235
b0196,rcsF,134
b0197,metQ,271
b0198,metI,217
b0199,metN,343
b0200,gmhB,191
b0207,dkgB,267
b0208,yafC,304
b0209,yafD,266
b0210,yafE,207
b0211,mltD,452
b0212,gloB,251
b0213,yafS,240
b0214,rnhA,155
b0215,dnaQ,243
b0217,yafT,261
b0219,yafV,256
b0220,ivy,157
b0221,fadE,814
b0222,lpcA,192
b0223,yafJ,255
b0224,yafK,246
b0225,yafQ,92
b0226,dinJ,86
b0227,yafL,249
b0228,rayT,165
b0231,dinB,351
b0232,yafN,97
b0233,yafO,132
b0234,yafP,150
b0237,pepD,485
b0238,gpt,152
b0239,frsA,414
b0241,phoE,351
b0242,proB,367
b0243,proA,417
b0245,ykfI,113
b0246,yafW,105
b0247,ykfG,158
b0248,yafX,152
b0249,ykfF,79
b0250,ykfB,155
b0251,yafY,147
b0252,yafZ,273
b0253,ykfA,287
b0254,perR,297
b0256,insI-1,383
b0258,ykfC,381
b0259,insH-1,338
b0260,mmuP,467
b0261,mmuM,310
b0262,afuC,348
b0264,insB-2,167
b0265,insA-2,91
b0266,yagB,116
b0267,yagA,384
b0268,yagE,302
b0269,yagF,655
b0270,yagG,460
b0271,yagH,536
b0272,xynR,252
b0273,argF,334
b0274,insB-3,167
b0275,insA-3,91
b0276,yagJ,243
b0277,yagK,208
b0278,yagL,232
b0279,yagM,284
b0280,yagN,146
b0281,intF,466
b0282,yagP,136
b0283,paoD,318
b0284,paoC,732
b0285,paoB,318
b0286,paoA,229
b0287,yagU,204
b0288,ykgJ,109
b0289,ecpE,236
b0290,ecpD,547
b0291,ecpC,841
b0292,ecpB,222
b0293,ecpA,195
b0294,ecpR,196
b0295,ykgL,75
b0296,ykgM,87
b0298,insE-1,99
b0299,insF-1,288
b0301,rclC,197
b0303,rclB,78
b0304,rclA,441
b0305,rclR,284
b0306,ykgE,239
b0307,ykgF,475
b0308,ykgG,231
b0310,ykgH,222
b0311,betA,556
b0312,betB,490
b0313,betI,195
b0314,betT,677
b0315,pdeL,362
b0316,yahB,310
b0317,yahC,165
b0318,yahD,201
b0319,yahE,287
b0320,yahF,515
b0321,yahG,472
b0322,yahH,98
b0323,yahI,316
b0324,yahJ,460
b0325,yahK,349
b0326,yahL,271
b0327,yahM,81
b0328,yahN,223
b0329,yahO,91
b0330,prpR,528
b0331,prpB,296
b0333,prpC,389
b0334,prpD,483
b0335,prpE,628
b0336,codB,419
b0337,codA,427
b0338,cynR,299
b0339,cynT,219
b0340,cynS,156
b0341,cynX,384
b0342,lacA,203
b0343,lacY,417
b0344,lacZ,1024
b0345,lacI,360
b0346,mhpR,277
b0347,mhpA,554
b0348,mhpB,314
b0349,mhpC,288
b0350,mhpD,269
b0351,mhpF,316
b0352,mhpE,337
b0353,mhpT,403
b0354,yaiL,179
b0355,frmB,277
b0356,frmA,369
b0357,frmR,91
b0358,yaiO,257
b0360,insC-1,121
b0361,insD-1,301
b0363,yaiP,398
b0364,yaiS,185
b0365,tauA,320
b0366,tauB,255
b0367,tauC,275
b0368,tauD,283
b0369,hemB,324
b0372,insF-2,288
b0373,insE-2,99
b0375,iprA,207
b0376,ampH,385
b0377,sbmA,406
b0378,yaiW,364
b0379,yaiY,102
b0380,yaiZ,70
b0381,ddlA,364
b0382,iraP,86
b0383,phoA,471
b0384,psiF,106
b0385,dgcC,371
b0386,proC,269
b0387,yaiI,152
b0388,aroL,174
b0389,yaiA,63
b0390,aroM,225
b0391,ppnP,94
b0393,rdgC,303
b0394,mak,302
b0396,araJ,394
b0397,sbcC,1048
b0398,sbcD,400
b0399,phoB,229
b0400,phoR,431
b0401,brnQ,439
b0402,proY,457
b0403,malZ,604
b0404,acpH,193
b0405,queA,356
b0406,tgt,375
b0407,yajC,110
b0408,secD,615
b0409,secF,323
b0410,yajD,115
b0411,tsx,294
b0412,yajI,179
b0413,nrdR,149
b0414,ribD,367
b0415,ribE,156
b0416,nusB,139
b0417,thiL,325
b0418,pgpA,172
b0419,yajO,324
b0420,dxs,620
b0421,ispA,299
b0422,xseB,80
b0423,thiI,482
b0424,yajL,196
b0425,panE,303
b0426,yajQ,163
b0427,yajR,454
b0428,cyoE,296
b0429,cyoD,109
b0430,cyoC,204
b0431,cyoB,663
b0432,cyoA,315
b0433,ampG,491
b0434,yajG,192
b0435,bolA,105
b0436,tig,432
b0437,clpP,207
b0438,clpX,424
b0439,lon,784
b0440,hupB,90
b0441,ppiD,623
b0442,ybaV,123
b0443,fadM,132
b0444,queC,231
b0445,ybaE,566
b0446,cof,272
b0447,decR,152
b0448,mdlA,590
b0449,mdlB,593
b0450,glnK,112
b0451,amtB,428
b0452,tesB,286
b0453,ybaY,190
b0454,atl,129
b0456,ybaA,117
b0457,pdeB,516
b0458,ylaC,156
b0459,maa,183
b0460,hha,72
b0461,tomB,124
b0462,acrB,1049
b0463,acrA,397
b0464,acrR,215
b0465,mscK,1120
b0466,ybaM,53
b0467,priC,175
b0468,ybaN,125
b0469,apt,183
b0470,dnaX,643
b0471,ybaB,109
b0472,recR,201
b0473,htpG,624
b0474,adk,214
b0475,hemH,320
b0476,aes,319
b0477,gsk,434
b0478,ybaL,558
b0479,fsr,406
b0480,ushA,550
b0481,ybaK,159
b0482,ybaP,264
b0483,ybaQ,113
b0484,copA,834
b0485,glsA,310
b0486,ybaT,430
b0487,cueR,135
b0488,ybbJ,152
b0489,qmcA,305
b0490,fetA,225
b0491,fetB,259
b0492,cnoX,284
b0493,ybbO,269
b0494,tesA,208
b0495,ybbA,228
b0496,ybbP,804
b0497,rhsD,1426
b0498,ybbC,122
b0502,ylbG,123
b0503,selU,364
b0504,allS,308
b0505,allA,160
b0506,allR,271
b0507,gcl,593
b0508,hyi,258
b0509,glxR,292
b0511,ybbW,484
b0512,allB,453
b0513,ybbY,433
b0514,glxK,381
b0515,allE,261
b0516,allC,411
b0517,allD,349
b0518,fdrA,555
b0520,ylbF,271
b0521,ybcF,297
b0522,purK,355
b0523,purE,169
b0524,lpxH,240
b0525,ppiB,164
b0526,cysS,461
b0527,ybcI,173
b0528,ybcJ,70
b0529,folD,288
b0530,sfmA,180
b0531,sfmC,230
b0532,sfmD,867
b0533,sfmH,327
b0534,sfmF,171
b0535,fimZ,210
b0537,intD,387
b0540,insE-3,99
b0541,insF-3,288
b0543,emrE,110
b0544,ybcK,508
b0545,ybcL,183
b0546,ybcM,265
b0547,ybcN,151
b0548,ninE,56
b0549,ybcO,96
b0550,rusA,120
b0551,ybcQ,127
b0552,insH-2,338
b0554,essD,71
b0555,rrrD,165
b0556,rzpD,153
b0557,borD,97
b0558,ybcV,136
b0559,ybcW,68
b0560,nohD,181
b0561,tfaD,187
b0563,tfaX,61
b0564,appY,249
b0565,ompT,317
b0566,envY,253
b0567,ybcH,296
b0568,nfrA,990
b0569,nfrB,745
b0570,cusS,480
b0571,cusR,227
b0572,cusC,457
b0573,cusF,110
b0574,cusB,407
b0575,cusA,1047
b0576,pheP,458
b0577,ybdG,415
b0578,nfsB,217
b0579,ybdF,122
b0580,ybdJ,82
b0581,ybdK,372
b0582,insL-2,370
b0583,entD,206
b0584,fepA,746
b0585,fes,400
b0586,entF,1293
b0587,fepE,377
b0588,fepC,271
b0589,fepG,330
b0590,fepD,334
b0591,entS,416
b0592,fepB,318
b0593,entC,391
b0594,entE,536
b0595,entB,285
b0596,entA,248
b0597,entH,137
b0598,cstA,701
b0599,hcxA,362
b0600,ybdL,386
b0601,ybdM,209
b0602,ybdN,406
b0603,ybdO,300
b0604,dsbG,248
b0605,ahpC,187
b0606,ahpF,521
b0607,uspG,142
b0608,ybdR,412
b0610,rnk,136
b0611,rna,268
b0612,citT,487
b0613,citG,292
b0614,citX,183
b0615,citF,510
b0616,citE,302
b0617,citD,98
b0618,citC,352
b0619,dpiB,552
b0620,dpiA,226
b0621,dcuC,461
b0622,pagP,186
b0623,cspE,69
b0624,crcB,127
b0627,tatE,67
b0628,lipA,321
b0629,ybeF,317
b0630,lipB,213
b0631,ybeD,87
b0632,dacA,403
b0633,rlpA,362
b0634,mrdB,370
b0635,mrdA,633
b0636,rlmH,155
b0637,rsfS,105
b0638,cobC,203
b0639,nadD,213
b0640,holA,343
b0641,lptE,193
b0642,leuS,860
b0643,ybeL,160
b0644,ybeQ,325
b0645,ybeR,235
b0646,djlB,475
b0647,ybeT,184
b0648,ybeU,235
b0649,djlC,483
b0650,hscC,556
b0651,rihA,311
b0652,gltL,241
b0653,gltK,224
b0654,gltJ,246
b0655,gltI,302
b0656,insH-3,338
b0657,lnt,512
b0658,ybeX,292
b0659,ybeY,155
b0660,ybeZ,346
b0661,miaB,474
b0662,ubiF,391
b0674,asnB,554
b0675,umpH,250
b0676,nagC,406
b0677,nagA,382
b0678,nagB,266
b0679,nagE,648
b0680,glnS,554
b0681,chiP,468
b0682,chiQ,108
b0683,fur,148
b0684,fldA,176
b0685,ybfE,97
b0686,ybfF,254
b0687,seqA,181
b0688,pgm,546
b0689,ybfP,164
b0692,potE,439
b0693,speF,732
b0694,kdpE,225
b0695,kdpD,894
b0696,kdpC,190
b0697,kdpB,682
b0698,kdpA,557
b0699,ybfA,68
b0700,rhsC,1397
b0702,ybfB,108
b0704,ybfC,189
b0706,ybfD,253
b0707,ybgA,169
b0708,phr,472
b0709,dtpD,493
b0710,ybgI,247
b0711,pxpB,218
b0712,pxpC,310
b0713,pxpA,244
b0714,nei,263
b0715,abrB,348
b0716,ybgO,353
b0717,ybgP,242
b0718,ybgQ,815
b0719,ybgD,188
b0720,gltA,427
b0721,sdhC,129
b0722,sdhD,115
b0723,sdhA,588
b0724,sdhB,238
b0726,sucA,933
b0727,sucB,405
b0728,sucC,388
b0729,sucD,289
b0730,mngR,240
b0731,mngA,658
b0732,mngB,877
b0733,cydA,522
b0734,cydB,379
b0735,ybgE,97
b0736,ybgC,134
b0737,tolQ,230
b0738,tolR,142
b0739,tolA,421
b0740,tolB,430
b0741,pal,173
b0742,cpoB,263
b0750,nadA,347
b0751,pnuC,239
b0752,zitB,313
b0753,ybgS,126
b0754,aroG,350
b0755,gpmA,250
b0756,galM,346
b0757,galK,382
b0758,galT,348
b0759,galE,338
b0760,modF,490
b0761,modE,262
b0762,acrZ,49
b0763,modA,257
b0764,modB,229
b0765,modC,352
b0766,ybhA,272
b0767,pgl,331
b0768,ybhD,317
b0769,ybhH,350
b0770,ybhI,477
b0771,ybhJ,753
b0772,ybhC,427
b0773,ybhB,158
b0774,bioA,429
b0775,bioB,346
b0776,bioF,384
b0777,bioC,251
b0778,bioD,225
b0779,uvrB,673
b0780,ybhK,302
b0781,moaA,329
b0782,moaB,170
b0783,moaC,161
b0784,moaD,81
b0785,moaE,150
b0786,ybhL,234
b0787,ybhM,237
b0788,ybhN,318
b0789,clsB,413
b0790,ybhP,253
b0791,ybhQ,136
b0792,ybhR,368
b0793,ybhS,377
b0794,ybhF,578
b0795,ybhG,332
b0796,cecR,223
b0797,rhlE,454
b0798,ybiA,160
b0799,dinG,716
b0800,ybiB,320
b0801,hcxB,361
b0802,ybiJ,86
b0803,ybiI,88
b0804,ybiX,225
b0805,fiu,760
b0806,mcbA,86
b0807,rlmF,308
b0808,ybiO,741
b0809,glnQ,240
b0810,glnP,219
b0811,glnH,248
b0812,dps,167
b0813,rhtA,295
b0814,ompX,171
b0815,opgE,527
b0817,mntR,155
b0818,ybiR,372
b0819,ldtB,306
b0820,ybiT,530
b0821,ybiU,421
b0822,ybiV,271
b0823,ybiW,810
b0824,ybiY,299
b0825,fsaA,220
b0826,moeB,249
b0827,moeA,411
b0828,iaaA,321
b0829,gsiA,623
b0830,gsiB,512
b0831,gsiC,306
b0832,gsiD,303
b0833,pdeI,782
b0834,dgcI,442
b0835,rimO,441
b0836,bssR,127
b0837,yliI,371
b0838,gstB,208
b0839,dacC,400
b0840,deoR,252
b0841,ybjG,198
b0842,mdfA,410
b0843,ybjH,94
b0844,ybjI,271
b0845,ybjJ,402
b0846,rcdA,178
b0847,ybjL,561
b0848,ybjM,125
b0849,grxA,85
b0850,ybjC,95
b0851,nfsA,240
b0852,rimK,300
b0853,ybjN,158
b0854,potF,370
b0855,potG,377
b0856,potH,317
b0857,potI,281
b0858,ybjO,162
b0859,rlmC,375
b0860,artJ,243
b0861,artM,222
b0862,artQ,238
b0863,artI,243
b0864,artP,242
b0865,ybjP,171
b0866,ybjQ,107
b0867,amiD,276
b0868,ybjS,337
b0869,ybjT,476
b0870,ltaE,333
b0871,poxB,572
b0872,hcr,322
b0873,hcp,550
b0874,lysO,299
b0875,aqpZ,231
b0876,ybjD,552
b0877,ybjX,330
b0878,macA,371
b0879,macB,648
b0880,cspD,74
b0881,clpS,106
b0882,clpA,758
b0884,infA,72
b0885,aat,234
b0886,cydC,573
b0887,cydD,588
b0888,trxB,321
b0889,lrp,164
b0890,ftsK,1329
b0891,lolA,203
b0892,rarA,447
b0893,serS,430
b0894,dmsA,814
b0895,dmsB,205
b0896,dmsC,287
b0897,ycaC,208
b0898,ycaD,382
b0899,ycaM,476
b0900,ycaN,302
b0901,ycaK,196
b0902,pflA,246
b0903,pflB,760
b0904,focA,285
b0905,ycaO,586
b0906,ycaP,230
b0907,serC,362
b0908,aroA,427
b0909,ycaL,254
b0910,cmk,227
b0911,rpsA,557
b0912,ihfB,94
b0913,ycaI,754
b0914,msbA,582
b0915,lpxK,328
b0916,ycaQ,410
b0917,ycaR,60
b0918,kdsB,248
b0919,ycbJ,297
b0920,elyC,259
b0921,cmoM,261
b0922,mukF,440
b0923,mukE,234
b0924,mukB,1486
b0925,ldtD,615
b0926,ycbK,182
b0927,gloC,215
b0928,aspC,396
b0929,ompF,362
b0930,asnS,466
b0931,pncB,400
b0932,pepN,870
b0933,ssuB,255
b0934,ssuC,263
b0935,ssuD,381
b0936,ssuA,319
b0937,ssuE,191
b0938,elfA,179
b0939,elfD,233
b0940,elfC,866
b0941,elfG,356
b0942,ycbU,180
b0943,ycbV,171
b0944,ycbF,236
b0945,pyrD,336
b0946,zapC,180
b0947,ycbX,369
b0948,rlmL,702
b0949,uup,635
b0950,pqiA,417
b0951,pqiB,546
b0952,pqiC,187
b0953,rmf,55
b0954,fabA,172
b0955,ycbZ,586
b0956,matP,150
b0957,ompA,346
b0958,sulA,169
b0959,sxy,209
b0960,yccS,717
b0961,yccF,148
b0962,helD,684
b0963,mgsA,152
b0964,yccT,220
b0965,yccU,137
b0966,hspQ,105
b0967,rlmI,396
b0968,yccX,92
b0969,tusE,109
b0970,yccA,219
b0972,hyaA,372
b0973,hyaB,597
b0974,hyaC,235
b0975,hyaD,195
b0976,hyaE,132
b0977,hyaF,285
b0978,appC,514
b0979,appB,378
b0980,appA,432
b0981,etk,726
b0982,etp,148
b0983,gfcE,379
b0984,gfcD,698
b0985,gfcC,248
b0986,gfcB,214
b0987,gfcA,101
b0988,insB-4,167
b0989,cspH,70
b0990,cspG,70
b0991,ymcE,76
b0992,yccM,357
b0993,torS,914
b0994,torT,342
b0995,torR,230
b0996,torC,390
b0997,torA,848
b0998,torD,199
b0999,cbpM,101
b1000,cbpA,306
b1001,yccE,418
b1002,agp,413
b1003,yccJ,75
b1004,wrbA,198
b1006,rutG,442
b1007,rutF,164
b1008,rutE,196
b1009,rutD,266
b1010,rutC,128
b1011,rutB,230
b1012,rutA,382
b1013,rutR,212
b1014,putA,1320
b1015,putP,502
b1018,efeO,375
b1019,efeB,423
b1020,phoH,354
b1021,pgaD,137
b1022,pgaC,441
b1023,pgaB,672
b1024,pgaA,807
b1025,dgcT,452
b1026,insF-4,288
b1027,insE-4,99
b1029,ycdU,328
b1033,ghrA,312
b1034,ycdX,245
b1035,ycdY,184
b1036,ycdZ,163
b1037,csgG,277
b1038,csgF,138
b1039,csgE,129
b1040,csgD,216
b1041,csgB,151
b1042,csgA,151
b1043,csgC,110
b1044,ymdA,103
b1045,ymdB,177
b1046,clsC,473
b1047,opgC,385
b1048,opgG,511
b1049,opgH,847
b1050,yceK,75
b1051,msyB,124
b1053,mdtG,408
b1054,lpxL,306
b1055,yceA,350
b1056,yceI,191
b1057,yceJ,188
b1058,yceO,46
b1059,solA,372
b1060,bssS,84
b1061,dinI,81
b1062,pyrC,348
b1063,yceB,186
b1064,grxB,215
b1065,mdtH,402
b1066,rimJ,194
b1067,yceH,215
b1068,yceM,307
b1069,murJ,511
b1070,flgN,138
b1071,flgM,97
b1072,flgA,219
b1073,flgB,138
b1074,flgC,134
b1075,flgD,231
b1076,flgE,402
b1077,flgF,251
b1078,flgG,260
b1079,flgH,232
b1080,flgI,365
b1081,flgJ,313
b1082,flgK,547
b1083,flgL,317
b1084,rne,1061
b1085,yceQ,106
b1086,rluC,319
b1087,yceF,194
b1088,yceD,173
b1089,rpmF,57
b1090,plsX,356
b1091,fabH,317
b1092,fabD,309
b1093,fabG,244
b1094,acpP,78
b1095,fabF,413
b1096,pabC,269
b1097,mltG,340
b1098,tmk,213
b1099,holB,334
b1100,ycfH,265
b1101,ptsG,477
b1102,fhuE,729
b1103,hinT,119
b1104,ycfL,125
b1105,lpoB,213
b1106,thiK,274
b1107,nagZ,341
b1108,ycfP,180
b1109,ndh,434
b1110,ycfJ,179
b1111,comR,210
b1112,bhsA,85
b1113,ldtC,320
b1114,mfd,1148
b1115,ycfT,357
b1116,lolC,399
b1117,lolD,233
b1118,lolE,414
b1119,nagK,303
b1120,cobB,279
b1121,ycfZ,262
b1122,ymfA,153
b1123,potD,348
b1124,potC,264
b1125,potB,275
b1126,potA,378
b1127,pepT,408
b1128,roxA,373
b1129,phoQ,486
b1130,phoP,223
b1131,purB,456
b1132,hflD,213
b1133,mnmA,368
b1134,nudJ,153
b1135,rluE,217
b1136,icd,416
b1137,ymfD,221
b1138,ymfE,234
b1139,lit,297
b1140,intE,375
b1141,xisE,81
b1142,ymfH,103
b1143,ymfI,113
b1144,ymfJ,102
b1145,ymfK,224
b1146,ymfT,66
b1147,ymfL,185
b1148,ymfM,112
b1149,ymfN,455
b1150,ymfR,60
b1151,beeE,157
b1153,ymfQ,194
b1154,ycfK,209
b1155,tfaP,137
b1156,tfaE,200
b1158,pinE,184
b1159,mcrA,277
b1160,iraM,107
b1161,ycgX,134
b1162,bluR,243
b1163,bluF,403
b1164,ycgZ,78
b1165,ymgA,90
b1166,ariR,88
b1167,ymgC,82
b1168,pdeG,507
b1171,ymgD,109
b1172,ymgG,114
b1174,minE,88
b1175,minD,270
b1176,minC,231
b1177,ycgJ,122
b1178,pliG,133
b1179,ycgL,108
b1180,ycgM,219
b1181,ycgN,153
b1182,hlyE,303
b1183,umuD,139
b1184,umuC,422
b1185,dsbB,176
b1186,nhaB,513
b1187,fadR,239
b1188,ycgB,510
b1189,dadA,432
b1190,dadX,356
b1191,cvrA,578
b1192,ldcA,304
b1193,emtA,203
b1194,ycgR,244
b1195,ymgE,84
b1196,ycgY,146
b1197,treA,565
b1198,dhaM,472
b1199,dhaL,210
b1200,dhaK,356
b1201,dhaR,639
b1202,ycgV,955
b1203,ychF,363
b1204,pth,194
b1205,ychH,92
b1206,dauA,559
b1207,prs,315
b1208,ispE,283
b1209,lolB,207
b1210,hemA,418
b1211,prfA,360
b1212,prmC,277
b1213,ychQ,130
b1214,ychA,269
b1215,kdsA,284
b1216,chaA,366
b1217,chaB,76
b1218,chaC,231
b1219,ychN,117
b1220,ychO,464
b1221,narL,216
b1222,narX,598
b1223,narK,463
b1224,narG,1247
b1225,narH,512
b1226,narJ,236
b1227,narI,225
b1228,ychS,91
b1229,tpr,29
b1232,purU,280
b1233,ychJ,152
b1234,rssA,301
b1235,rssB,337
b1236,galU,302
b1237,hns,137
b1238,tdk,205
b1241,adhE,891
b1242,ychE,215
b1243,oppA,543
b1244,oppB,306
b1245,oppC,302
b1246,oppD,337
b1247,oppF,334
b1248,yciU,109
b1249,clsA,486
b1250,kch,417
b1251,yciI,98
b1252,tonB,239
b1253,yciA,132
b1254,yciB,179
b1255,yciC,247
b1256,ompW,212
b1257,yciE,168
b1258,yciF,166
b1259,yciG,59
b1260,trpA,268
b1261,trpB,397
b1262,trpC,453
b1263,trpD,531
b1264,trpE,520
b1265,trpL,14
b1266,yciV,293
b1267,yciO,206
b1268,yciQ,631
b1269,rluB,291
b1270,btuR,196
b1271,yciK,252
b1272,sohB,349
b1273,yciN,83
b1274,topA,865
b1275,cysB,324
b1276,acnA,891
b1277,ribA,196
b1278,pgpB,254
b1279,lapA,102
b1280,lapB,389
b1281,pyrF,245
b1282,yciH,108
b1283,osmB,72
b1284,yciT,249
b1285,pdeR,661
b1286,rnb,644
b1287,yciW,375
b1288,fabI,262
b1289,ycjD,117
b1290,sapF,268
b1291,sapD,330
b1292,sapC,296
b1293,sapB,321
b1294,sapA,547
b1295,ymjA,81
b1296,puuP,461
b1297,puuA,472
b1298,puuD,254
b1299,puuR,185
b1300,puuC,495
b1301,puuB,426
b1302,puuE,421
b1303,pspF,325
b1304,pspA,222
b1305,pspB,74
b1306,pspC,119
b1307,pspD,73
b1308,pspE,104
b1309,ycjM,559
b1310,ycjN,430
b1311,ycjO,293
b1312,ycjP,280
b1313,ycjQ,350
b1314,ycjR,262
b1315,ycjS,351
b1316,ycjT,755
b1317,ycjU,219
b1319,ompG,301
b1320,ycjW,332
b1321,ycjX,465
b1322,ycjF,353
b1323,tyrR,513
b1324,tpx,168
b1325,ycjG,321
b1326,mpaA,242
b1327,ycjY,306
b1328,pgrR,299
b1329,mppA,537
b1330,ynaI,343
b1331,insH-4,338
b1332,ynaJ,85
b1333,uspE,316
b1334,fnr,250
b1335,ogt,171
b1336,abgT,508
b1337,abgB,481
b1338,abgA,436
b1339,abgR,302
b1340,smrA,187
b1341,dgcM,410
b1342,zntB,327
b1343,dbpA,457
b1344,ttcA,311
b1345,intR,411
b1346,xisR,71
b1347,rcbA,69
b1348,ralR,64
b1349,recT,269
b1350,recE,866
b1351,racC,91
b1352,kilR,73
b1353,sieB,162
b1355,ydaG,44
b1356,racR,158
b1357,ydaS,98
b1358,ydaT,140
b1359,ydaU,285
b1360,ydaV,248
b1361,ydaW,186
b1363,trkG,485
b1365,ynaK,87
b1366,ydaY,119
b1368,ynaA,342
b1370,insH-5,326
b1372,stfR,1120
b1373,tfaR,191
b1374,pinR,196
b1375,ynaE,77
b1376,uspF,144
b1377,ompN,377
b1378,ydbK,1174
b1379,hslJ,140
b1380,ldhA,329
b1381,ydbH,879
b1382,ynbE,61
b1383,ydbL,108
b1384,feaR,301
b1385,feaB,499
b1386,tynA,757
b1387,paaZ,681
b1388,paaA,309
b1389,paaB,95
b1390,paaC,248
b1391,paaD,165
b1392,paaE,356
b1393,paaF,255
b1394,paaG,262
b1395,paaH,475
b1396,paaI,140
b1397,paaJ,401
b1398,paaK,437
b1399,paaX,316
b1400,paaY,196
b1402,insD-2,301
b1403,insC-2,121
b1404,insI-2,383
b1406,pdxI,286
b1407,ydbD,768
b1408,ynbA,201
b1409,ynbB,298
b1410,ynbC,585
b1411,ynbD,430
b1412,azoR,201
b1413,hrpA,1300
b1414,ydcF,266
b1415,aldA,479
b1418,cybB,176
b1419,ydcA,57
b1420,mokB,55
b1421,trg,546
b1422,ydcI,307
b1423,ydcJ,447
b1424,opgD,551
b1426,ydcH,74
b1427,rimL,179
b1428,ydcK,326
b1429,tehA,330
b1430,tehB,197
b1431,ydcL,222
b1432,insQ,382
b1433,ydcO,391
b1434,sutR,178
b1435,rlhA,653
b1436,yncJ,76
b1438,hicB,138
b1439,ydcR,468
b1440,ydcS,381
b1441,ydcT,337
b1442,ydcU,313
b1443,ydcV,264
b1444,patD,474
b1445,ortT,57
b1446,ydcY,77
b1447,ydcZ,149
b1448,mnaT,172
b1449,curA,345
b1450,mcbR,221
b1451,yncD,700
b1452,yncE,353
b1453,ansP,499
b1454,yncG,205
b1455,yncH,70
b1457,ydcD,160
b1460,ydcC,378
b1461,pptA,77
b1462,yddH,189
b1463,nhoA,281
b1464,yddE,297
b1465,narV,226
b1466,narW,231
b1467,narY,514
b1468,narZ,1246
b1469,narU,462
b1471,yddK,318
b1472,yddL,96
b1473,yddG,293
b1474,fdnG,1015
b1475,fdnH,294
b1476,fdnI,217
b1477,yddM,94
b1478,adhP,336
b1479,maeA,565
b1480,sra,45
b1481,bdm,71
b1482,osmC,143
b1483,ddpF,308
b1484,ddpD,328
b1485,ddpC,298
b1486,ddpB,340
b1487,ddpA,516
b1488,ddpX,193
b1489,dosP,799
b1490,dosC,460
b1491,yddW,439
b1492,gadC,511
b1493,gadB,466
b1494,pqqL,931
b1495,yddB,790
b1496,yddA,561
b1497,ydeM,385
b1498,ydeN,560
b1499,ydeO,253
b1500,safA,65
b1501,ydeP,759
b1502,ydeQ,304
b1503,ydeR,167
b1504,ydeS,176
b1505,ydeT,382
b1507,hipA,440
b1508,hipB,88
b1511,lsrK,530
b1512,lsrR,317
b1513,lsrA,511
b1514,lsrC,342
b1515,lsrD,330
b1516,lsrB,340
b1517,lsrF,291
b1518,lsrG,96
b1519,tam,252
b1520,yneE,304
b1521,uxaB,483
b1522,dgcF,315
b1523,yneG,119
b1524,glsB,308
b1525,sad,462
b1526,yneJ,293
b1527,yneK,371
b1528,ydeA,396
b1529,marC,221
b1530,marR,144
b1531,marA,127
b1532,marB,72
b1533,eamA,299
b1534,ydeE,395
b1535,dgcZ,296
b1536,ydeI,130
b1537,ydeJ,172
b1538,dcp,681
b1539,ydfG,248
b1540,ydfH,228
b1541,ydfZ,67
b1542,ydfI,486
b1543,ydfJ,427
b1544,ydfK,77
b1545,pinQ,196
b1546,tfaQ,191
b1547,ydfN,320
b1548,nohA,189
b1549,ydfO,136
b1550,gnsB,57
b1551,ynfN,51
b1552,cspI,70
b1553,rzpQ,165
b1554,rrrQ,177
b1555,ydfR,103
b1556,essQ,71
b1557,cspB,71
b1558,cspF,70
b1559,ydfT,250
b1560,ydfU,349
b1561,rem,83
b1562,hokD,51
b1563,relE,95
b1564,relB,79
b1565,ydfV,101
b1566,flxA,110
b1567,ydfW,49
b1568,ydfX,96
b1569,dicC,76
b1570,dicA,135
b1571,ydfA,51
b1572,ydfB,42
b1573,ydfC,72
b1575,dicB,62
b1576,ydfD,63
b1580,rspB,339
b1581,rspA,404
b1582,ynfA,108
b1583,ynfB,113
b1584,speG,186
b1585,ynfC,236
b1586,ynfD,101
b1587,ynfE,808
b1588,ynfF,807
b1589,ynfG,205
b1590,ynfH,284
b1591,dmsD,204
b1592,clcB,418
b1593,ynfK,231
b1594,mlc,406
b1595,ynfL,297
b1596,ynfM,417
b1597,asr,102
b1598,ydgD,273
b1599,mdtI,109
b1600,mdtJ,121
b1601,tqsA,344
b1602,pntB,462
b1603,pntA,510
b1604,ydgH,314
b1605,ydgI,460
b1606,folM,240
b1607,ydgC,111
b1608,rstA,239
b1609,rstB,433
b1610,tus,309
b1611,fumC,467
b1612,fumA,548
b1613,manA,391
b1614,ydgA,502
b1615,uidC,421
b1616,uidB,457
b1617,uidA,603
b1618,uidR,196
b1619,hdhA,255
b1620,malI,342
b1621,malX,530
b1622,malY,390
b1623,add,333
b1624,ydgJ,346
b1625,cnu,71
b1626,ydgK,146
b1627,rsxA,193
b1628,rsxB,192
b1629,rsxC,740
b1630,rsxD,352
b1631,rsxG,206
b1632,rsxE,231
b1633,nth,211
b1634,dtpA,500
b1635,gstA,201
b1636,pdxY,287
b1637,tyrS,424
b1638,pdxH,218
b1639,mliC,109
b1640,anmK,369
b1641,slyB,155
b1642,slyA,144
b1643,ydhI,78
b1644,ydhJ,285
b1645,ydhK,670
b1646,sodC,173
b1647,ydhF,298
b1648,ydhL,79
b1649,nemR,199
b1650,nemA,365
b1651,gloA,135
b1652,rnt,215
b1653,lhr,1538
b1654,grxD,115
b1655,mepH,271
b1656,sodB,193
b1657,ydhP,389
b1658,purR,341
b1659,ydhB,310
b1660,ydhC,403
b1661,cfa,382
b1662,ribC,213
b1663,mdtK,457
b1664,ydhQ,418
b1667,ydhR,101
b1668,ydhS,534
b1669,ydhT,270
b1670,ydhU,261
b1671,ydhX,222
b1672,ydhW,215
b1673,ydhV,700
b1674,ydhY,208
b1675,fumD,69
b1676,pykF,470
b1677,lpp,78
b1678,ldtE,334
b1679,sufE,138
b1680,sufS,406
b1681,sufD,423
b1682,sufC,248
b1683,sufB,495
b1684,sufA,122
b1685,ydiH,62
b1686,menI,136
b1687,ydiJ,1018
b1688,ydiK,370
b1689,ydiL,118
b1690,ydiM,404
b1691,ydiN,421
b1692,ydiB,288
b1693,aroD,252
b1694,ydiF,531
b1695,ydiO,383
b1696,ydiP,303
b1697,ydiQ,254
b1698,ydiR,312
b1699,ydiS,429
b1700,ydiT,97
b1701,fadK,566
b1702,ppsA,792
b1703,ppsR,277
b1704,aroH,348
b1705,ydiE,63
b1706,ydiU,478
b1707,ydiV,237
b1708,nlpC,154
b1709,btuD,249
b1710,btuE,183
b1711,btuC,326
b1712,ihfA,99
b1713,pheT,795
b1714,pheS,327
b1715,pheM,14
b1716,rplT,118
b1717,rpmI,65
b1718,infC,180
b1719,thrS,642
b1722,ydiY,252
b1723,pfkB,309
b1724,ydiZ,96
b1725,yniA,286
b1726,yniB,178
b1727,hxpB,222
b1728,ydjM,196
b1729,tcyP,463
b1730,ydjO,267
b1731,cedA,80
b1732,katE,753
b1733,chbG,249
b1734,chbF,450
b1735,chbR,280
b1736,chbA,116
b1737,chbC,452
b1738,chbB,106
b1739,osmE,112
b1740,nadE,275
b1741,cho,295
b1742,ves,191
b1743,spy,161
b1744,astE,322
b1745,astB,447
b1746,astD,492
b1747,astA,344
b1748,astC,406
b1749,xthA,268
b1750,ydjX,236
b1751,ydjY,225
b1752,ydjZ,235
b1753,ynjA,182
b1754,ynjB,388
b1755,ynjC,511
b1756,ynjD,217
b1757,ynjE,435
b1758,ynjF,206
b1759,nudG,135
b1760,ynjH,90
b1761,gdhA,447
b1762,ynjI,346
b1763,topB,653
b1764,selD,347
b1765,ydjA,183
b1766,sppA,618
b1767,ansA,338
b1768,pncA,213
b1769,ydjE,452
b1770,ydjF,252
b1771,ydjG,326
b1772,ydjH,315
b1773,ydjI,278
b1774,ydjJ,347
b1775,ydjK,459
b1776,ydjL,358
b1777,yeaC,90
b1778,msrB,137
b1779,gapA,331
b1780,yeaD,294
b1781,yeaE,284
b1782,mipA,248
b1783,yeaG,644
b1784,yeaH,427
b1785,cdgI,491
b1786,dgcJ,496
b1787,yeaK,167
b1788,yoaI,34
b1789,yeaL,148
b1790,nimR,273
b1791,nimT,393
b1792,yeaO,115
b1793,yoaF,84
b1794,dgcP,341
b1795,yeaQ,82
b1796,yoaG,60
b1797,yeaR,119
b1798,leuE,212
b1799,dmlR,307
b1800,dmlA,361
b1801,yeaV,481
b1802,yeaW,374
b1803,yeaX,321
b1804,rnd,375
b1805,fadD,561
b1806,yeaY,193
b1807,tsaB,231
b1808,yoaA,636
b1809,yoaB,114
b1810,yoaC,99
b1811,yoaH,59
b1812,pabB,453
b1813,nudL,192
b1814,sdaA,454
b1815,pdeD,532
b1816,yoaE,518
b1817,manX,323
b1818,manY,266
b1819,manZ,283
b1820,yobD,152
b1821,mntP,188
b1822,rlmA,269
b1823,cspC,69
b1824,yobF,47
b1825,yebO,95
b1826,mgrB,47
b1827,kdgR,263
b1828,yebQ,457
b1829,htpX,293
b1830,prc,682
b1831,proQ,232
b1832,msrC,165
b1833,yebS,427
b1834,yebT,877
b1835,rsmF,479
b1836,yebV,78
b1837,yebW,63
b1838,pphA,218
b1839,yebY,113
b1840,yebZ,290
b1841,yobA,124
b1842,holE,76
b1843,yobB,218
b1844,exoX,220
b1845,ptrB,686
b1846,yebE,219
b1847,yebF,118
b1848,yebG,96
b1849,purT,392
b1850,eda,213
b1851,edd,603
b1852,zwf,491
b1853,yebK,289
b1854,pykA,480
b1855,lpxM,323
b1856,mepM,440
b1857,znuA,310
b1858,znuC,251
b1859,znuB,261
b1860,ruvB,336
b1861,ruvA,203
b1862,yebB,200
b1863,ruvC,173
b1864,yebC,246
b1865,nudB,150
b1866,aspS,590
b1867,yecD,188
b1868,yecE,272
b1869,yecN,131
b1870,cmoA,247
b1871,cmoB,323
b1872,torZ,809
b1873,torY,366
b1874,cutC,248
b1875,yecM,188
b1876,argS,577
b1877,yecT,162
b1878,flhE,130
b1879,flhA,692
b1880,flhB,382
b1881,cheZ,214
b1882,cheY,129
b1883,cheB,349
b1884,cheR,286
b1885,tap,533
b1886,tar,553
b1887,cheW,167
b1888,cheA,654
b1889,motB,308
b1890,motA,295
b1891,flhC,192
b1892,flhD,116
b1893,insB-5,167
b1894,insA-5,91
b1895,uspC,142
b1896,otsA,474
b1897,otsB,266
b1900,araG,504
b1901,araF,329
b1902,ftnB,167
b1904,yecR,107
b1905,ftnA,165
b1906,yecH,79
b1907,tyrP,403
b1908,yecA,221
b1912,pgsA,182
b1913,uvrC,610
b1914,uvrY,218
b1915,yecF,74
b1916,sdiA,240
b1917,tcyN,250
b1918,tcyL,222
b1919,dcyD,328
b1920,tcyJ,266
b1921,fliZ,183
b1922,fliA,239
b1923,fliC,498
b1924,fliD,468
b1925,fliS,136
b1926,fliT,121
b1927,amyA,495
b1928,yedD,137
b1929,yedE,401
b1930,yedF,77
b1931,yedK,222
b1932,yedL,159
b1937,fliE,104
b1938,fliF,552
b1939,fliG,331
b1940,fliH,228
b1941,fliI,457
b1942,fliJ,147
b1943,fliK,375
b1944,fliL,154
b1945,fliM,334
b1946,fliN,137
b1947,fliO,121
b1948,fliP,245
b1949,fliQ,89
b1950,fliR,261
b1951,rcsA,207
b1952,dsrB,62
b1953,yodD,75
b1955,yedP,271
b1956,dgcQ,564
b1957,yodC,60
b1958,yedI,305
b1959,yedA,306
b1960,vsr,156
b1961,dcm,472
b1962,yedJ,231
b1963,yedR,121
b1967,hchA,283
b1968,hprS,452
b1969,hprR,223
b1970,yedX,137
b1971,msrP,334
b1972,msrQ,211
b1973,zinT,216
b1974,yodB,176
b1976,mtfA,265
b1978,yeeJ,2358
b1981,shiA,438
b1982,amn,484
b1983,yeeN,238
b1985,yeeO,547
b1987,cbl,316
b1988,nac,305
b1990,ldtA,310
b1991,cobT,359
b1992,cobS,247
b1993,cobU,181
b1994,insH-6,338
b1996,insD-3,301
b1997,insC-3,121
b2000,flu,1039
b2001,yeeR,510
b2002,yeeS,148
b2003,yeeT,73
b2004,cbeA,122
b2005,cbtA,124
b2006,yeeW,64
b2007,yeeX,109
b2008,yeeA,352
b2009,sbmC,157
b2010,dacD,388
b2011,sbcB,475
b2012,yeeD,75
b2013,yeeE,352
b2014,plaP,452
b2015,yeeY,309
b2016,yeeZ,274
b2017,yefM,83
b2018,hisL,16
b2019,hisG,299
b2020,hisD,434
b2021,hisC,356
b2022,hisB,355
b2023,hisH,196
b2024,hisA,245
b2025,hisF,258
b2026,hisI,203
b2027,wzzB,326
b2028,ugd,388
b2029,gnd,468
b2030,insH-7,338
b2032,wbbK,372
b2033,wbbJ,196
b2034,wbbI,330
b2035,wbbH,388
b2036,glf,367
b2037,rfbX,415
b2038,rfbC,185
b2039,rfbA,293
b2040,rfbD,299
b2041,rfbB,361
b2042,galF,297
b2043,wcaM,464
b2044,wcaL,406
b2045,wcaK,426
b2046,wzxC,492
b2047,wcaJ,464
b2048,cpsG,456
b2049,cpsB,478
b2050,wcaI,407
b2051,gmm,159
b2052,fcl,321
b2053,gmd,373
b2054,wcaF,182
b2055,wcaE,248
b2056,wcaD,405
b2057,wcaC,405
b2058,wcaB,162
b2059,wcaA,279
b2060,wzc,720
b2061,wzb,147
b2062,wza,379
b2063,yegH,527
b2064,asmA,617
b2065,dcd,193
b2066,udk,213
b2067,dgcE,1105
b2068,alkA,282
b2069,yegD,450
b2070,yegI,648
b2071,yegJ,153
b2072,pphC,253
b2073,yegL,219
b2074,mdtA,415
b2075,mdtB,1040
b2076,mdtC,1025
b2077,mdtD,471
b2078,baeS,467
b2079,baeR,240
b2080,yegP,110
b2081,yegQ,453
b2082,ogrK,72
b2085,yegR,105
b2086,yegS,299
b2088,insE-5,99
b2089,insF-5,288
b2091,gatD,346
b2093,gatB,94
b2094,gatA,150
b2095,gatZ,420
b2096,gatY,284
b2097,fbaB,350
b2098,yegT,425
b2099,yegU,334
b2100,yegV,321
b2101,yegW,248
b2102,yegX,272
b2103,thiD,266
b2104,thiM,262
b2105,rcnR,90
b2106,rcnA,274
b2107,rcnB,112
b2108,yehA,344
b2109,yehB,826
b2110,yehC,239
b2111,yehD,180
b2112,yehE,93
b2113,mrp,369
b2114,metG,677
b2115,yehF,274
b2118,yehI,1210
b2119,yehL,362
b2120,yehM,759
b2121,yehP,378
b2122,yehQ,614
b2123,yehR,153
b2124,yehS,156
b2125,btsR,239
b2126,btsS,561
b2127,mlrA,243
b2128,yehW,243
b2129,yehX,308
b2130,yehY,385
b2131,osmF,305
b2132,bglX,765
b2133,dld,571
b2134,pbpG,310
b2135,yohC,195
b2136,yohD,192
b2137,yohF,253
b2140,dusC,315
b2141,yohJ,132
b2142,yohK,231
b2143,cdd,294
b2144,sanA,239
b2145,yeiS,79
b2146,preT,412
b2147,preA,411
b2148,mglC,336
b2149,mglA,506
b2150,mglB,332
b2151,galS,346
b2152,yeiB,385
b2153,folE,222
b2154,yeiG,278
b2155,cirA,663
b2156,lysP,489
b2157,yeiE,293
b2158,yeiH,349
b2159,nfo,285
b2160,yeiI,362
b2161,nupX,416
b2162,rihB,313
b2163,yeiL,219
b2164,psuT,416
b2165,psuG,312
b2166,psuK,313
b2167,fruA,563
b2168,fruK,312
b2169,fruB,376
b2170,setB,393
b2171,yeiP,190
b2172,yeiQ,488
b2173,yeiR,328
b2174,lpxT,237
b2175,mepS,188
b2176,pdeN,518
b2177,yejA,604
b2178,yejB,364
b2179,yejE,341
b2180,yejF,529
b2181,yejG,114
b2182,bcr,396
b2183,rsuA,231
b2184,radD,586
b2185,rplY,94
b2186,yejK,335
b2187,yejL,75
b2188,yejM,586
b2192,insH-8,338
b2193,narP,215
b2194,ccmH,350
b2195,ccmG,185
b2196,ccmF,647
b2197,ccmE,159
b2198,ccmD,69
b2199,ccmC,245
b2200,ccmB,220
b2201,ccmA,207
b2202,napC,200
b2203,napB,149
b2204,napH,287
b2205,napG,231
b2206,napA,828
b2207,napD,87
b2208,napF,164
b2209,eco,162
b2210,mqo,548
b2211,yojI,547
b2212,alkB,216
b2213,ada,354
b2214,ftp,351
b2215,ompC,367
b2216,rcsD,890
b2217,rcsB,216
b2218,rcsC,949
b2219,atoS,608
b2220,atoC,461
b2221,atoD,220
b2222,atoA,216
b2223,atoE,440
b2224,atoB,394
b2225,yfaP,258
b2226,yfaQ,549
b2229,yfaT,207
b2230,yfaA,562
b2231,gyrA,875
b2232,ubiG,240
b2233,yfaL,1250
b2234,nrdA,761
b2235,nrdB,376
b2236,yfaE,84
b2237,inaA,216
b2239,glpQ,358
b2240,glpT,452
b2241,glpA,542
b2242,glpB,419
b2243,glpC,396
b2244,rpnE,299
b2245,yfaU,267
b2246,yfaV,429
b2247,rhmD,401
b2248,yfaX,260
b2249,yfaY,400
b2250,yfaZ,180
b2251,nudI,141
b2252,ais,200
b2253,arnB,385
b2254,arnC,322
b2255,arnA,660
b2256,arnD,296
b2257,arnT,550
b2258,arnF,128
b2259,pmrD,88
b2260,menE,451
b2261,menC,320
b2262,menB,285
b2263,menH,252
b2264,menD,556
b2265,menF,431
b2266,elaB,101
b2267,elaA,153
b2268,rbn,305
b2269,elaD,403
b2270,yfbK,575
b2271,yfbL,323
b2272,yfbM,167
b2273,yfbN,238
b2274,yfbO,140
b2275,yfbP,282
b2276,nuoN,485
b2277,nuoM,509
b2278,nuoL,613
b2279,nuoK,100
b2280,nuoJ,184
b2281,nuoI,180
b2282,nuoH,325
b2283,nuoG,908
b2284,nuoF,445
b2285,nuoE,166
b2286,nuoC,596
b2287,nuoB,220
b2288,nuoA,147
b2289,lrhA,312
b2290,alaA,405
b2291,yfbR,199
b2292,yfbS,610
b2293,hxpA,216
b2294,yfbU,164
b2295,yfbV,151
b2296,ackA,400
b2297,pta,714
b2298,yfcC,506
b2299,yfcD,180
b2300,yfcE,184
b2301,yfcF,214
b2302,yfcG,215
b2303,folX,120
b2304,yfcH,297
b2305,rpnB,296
b2306,hisP,257
b2307,hisM,238
b2308,hisQ,228
b2309,hisJ,260
b2310,argT,260
b2311,ubiX,189
b2312,purF,505
b2313,cvpA,162
b2314,dedD,220
b2315,folC,422
b2316,accD,304
b2317,dedA,219
b2318,truA,270
b2319,usg,337
b2320,pdxB,378
b2321,flk,331
b2322,yfcJ,392
b2323,fabB,406
b2324,mnmC,668
b2325,yfcL,92
b2326,epmC,182
b2327,yfcA,269
b2328,mepA,274
b2329,aroC,361
b2330,prmB,310
b2331,smrB,183
b2332,yfcO,273
b2333,yfcP,179
b2334,yfcQ,162
b2335,yfcR,170
b2336,yfcS,250
b2339,yfcV,187
b2340,sixA,161
b2341,fadJ,714
b2342,fadI,436
b2343,yfcZ,94
b2344,fadL,446
b2345,yfdF,352
b2346,mlaA,251
b2347,yfdC,310
b2349,intS,385
b2350,yfdG,120
b2351,yfdH,306
b2352,yfdI,443
b2354,yfdK,146
b2356,yfdM,91
b2357,yfdN,164
b2358,yfdO,122
b2359,yfdP,120
b2360,yfdQ,274
b2361,yfdR,178
b2362,yfdS,120
b2363,yfdT,101
b2364,dsdC,311
b2365,dsdX,445
b2366,dsdA,442
b2367,emrY,512
b2368,emrK,387
b2369,evgA,204
b2370,evgS,1197
b2371,yfdE,381
b2372,yfdV,314
b2373,oxc,564
b2374,frc,416
b2375,yfdX,211
b2376,ypdI,91
b2377,yfdY,80
b2378,lpxP,306
b2379,alaC,412
b2380,ypdA,565
b2381,ypdB,244
b2382,ypdC,285
b2383,fryA,831
b2384,ypdE,345
b2385,ypdF,361
b2386,fryC,415
b2387,fryB,108
b2388,glk,321
b2389,yfeO,418
b2390,ypeC,108
b2392,mntH,412
b2393,nupC,400
b2394,insL-3,370
b2395,pdeA,729
b2398,yfeC,114
b2399,yfeD,130
b2400,gltX,471
b2405,xapR,294
b2406,xapB,418
b2407,xapA,277
b2408,yfeN,254
b2409,yfeR,308
b2410,yfeH,332
b2411,ligA,671
b2412,zipA,328
b2413,cysZ,253
b2414,cysK,323
b2415,ptsH,85
b2416,ptsI,575
b2417,crr,169
b2418,pdxK,283
b2419,yfeK,124
b2420,yfeS,244
b2421,cysM,303
b2422,cysA,365
b2423,cysW,291
b2424,cysU,277
b2425,cysP,338
b2426,ucpA,263
b2427,murR,285
b2428,murQ,298
b2429,murP,474
b2430,yfeW,434
b2431,yfeX,299
b2432,yfeY,191
b2433,yfeZ,149
b2434,ypeA,141
b2435,amiA,289
b2436,hemF,299
b2437,eutR,350
b2438,eutK,166
b2439,eutL,219
b2440,eutC,295
b2441,eutB,453
b2442,intZ,402
b2443,yffL,213
b2444,yffM,81
b2445,yffN,122
b2446,yffO,138
b2447,yffP,197
b2448,yffQ,125
b2449,yffR,130
b2450,yffS,269
b2451,eutA,467
b2452,eutH,408
b2453,eutG,395
b2454,eutJ,278
b2455,eutE,467
b2456,eutN,95
b2457,eutM,97
b2458,eutD,338
b2459,eutT,267
b2460,eutQ,233
b2461,eutP,159
b2462,eutS,111
b2463,maeB,759
b2464,talA,316
b2465,tktB,667
b2466,ypfG,347
b2467,nudK,191
b2468,aegA,659
b2469,narQ,566
b2470,acrD,1037
b2471,yffB,118
b2472,dapE,375
b2473,ypfH,232
b2474,tmcA,671
b2475,ypfJ,287
b2476,purC,237
b2477,bamC,344
b2478,dapA,292
b2479,gcvR,190
b2480,bcp,156
b2481,hyfA,205
b2482,hyfB,672
b2483,hyfC,315
b2484,hyfD,479
b2485,hyfE,216
b2486,hyfF,526
b2487,hyfG,555
b2488,hyfH,181
b2489,hyfI,252
b2490,hyfJ,137
b2491,hyfR,670
b2492,focB,282
b2493,yfgO,353
b2494,bepA,487
b2495,yfgD,119
b2496,hda,233
b2497,uraA,429
b2498,upp,208
b2499,purM,345
b2500,purN,212
b2501,ppk,688
b2502,ppx,513
b2503,pdeF,747
b2504,yfgG,63
b2505,yfgH,172
b2506,yfgI,179
b2507,guaA,525
b2508,guaB,488
b2509,xseA,456
b2510,yfgJ,71
b2511,der,490
b2512,bamB,392
b2513,yfgM,206
b2514,hisS,424
b2515,ispG,372
b2516,rodZ,337
b2517,rlmN,384
b2518,ndk,143
b2519,pbpC,770
b2520,yfhM,1653
b2521,sseA,281
b2522,sseB,258
b2523,pepB,427
b2524,iscX,66
b2525,fdx,111
b2526,hscA,616
b2527,hscB,171
b2528,iscA,107
b2529,iscU,128
b2530,iscS,404
b2531,iscR,162
b2532,trmJ,246
b2533,suhB,267
b2534,yfhR,284
b2535,csiE,426
b2536,hcaT,379
b2537,hcaR,296
b2538,hcaE,453
b2539,hcaF,172
b2540,hcaC,106
b2541,hcaB,270
b2542,hcaD,400
b2543,yphA,140
b2544,yphB,290
b2545,yphC,353
b2546,yphD,332
b2547,yphE,503
b2548,yphF,327
b2549,yphG,1093
b2550,yphH,397
b2551,glyA,417
b2552,hmp,396
b2553,glnB,112
b2554,glrR,444
b2555,qseG,237
b2556,glrK,475
b2557,purL,1295
b2558,mltF,518
b2559,tadA,167
b2560,pgpC,211
b2561,yfhH,282
b2562,yfhL,86
b2563,acpS,126
b2564,pdxJ,243
b2565,recO,242
b2566,era,301
b2567,rnc,226
b2568,lepB,324
b2569,lepA,599
b2570,rseC,159
b2571,rseB,318
b2572,rseA,216
b2573,rpoE,191
b2574,nadB,540
b2575,yfiC,245
b2576,srmB,444
b2577,yfiE,293
b2578,eamB,195
b2579,grcA,127
b2580,ung,229
b2581,yfiF,345
b2582,trxC,139
b2583,yfiP,232
b2584,patZ,886
b2585,pssA,451
b2586,yfiM,107
b2587,kgtP,432
b2592,clpB,857
b2593,pgeF,243
b2594,rluD,326
b2595,bamD,245
b2597,raiA,113
b2598,pheL,15
b2599,pheA,386
b2600,tyrA,373
b2601,aroF,356
b2602,yfiL,121
b2603,yfiR,172
b2604,dgcN,408
b2605,yfiB,160
b2606,rplS,115
b2607,trmD,255
b2608,rimM,182
b2609,rpsP,82
b2610,ffh,453
b2611,ypjD,263
b2614,grpE,197
b2615,nadK,292
b2616,recN,553
b2617,bamE,113
b2618,yfjF,96
b2619,ratA,158
b2620,smpB,160
b2622,intA,413
b2623,yfjH,318
b2624,alpA,70
b2625,yfjI,469
b2626,yfjJ,208
b2627,abpB,729
b2628,abpA,538
b2629,yfjM,87
b2630,rnlA,357
b2631,rnlB,123
b2632,yfjP,287
b2633,yfjQ,273
b2634,yfjR,233
b2635,ypjK,78
b2636,yfjS,147
b2637,yfjT,155
b2638,yfjU,104
b2642,yfjW,567
b2643,yfjX,152
b2644,yfjY,160
b2645,yfjZ,105
b2646,ypjF,109
b2647,ypjA,1526
b2649,ypjB,263
b2650,ypjC,160
b2659,csiD,325
b2660,lhgO,422
b2661,gabD,482
b2662,gabT,426
b2663,gabP,466
b2664,csiR,220
b2665,kbp,149
b2666,yqaE,52
b2667,ygaV,99
b2668,ygaP,174
b2669,stpA,134
b2670,alaE,149
b2671,ygaC,114
b2672,ygaM,109
b2673,nrdH,81
b2674,nrdI,136
b2675,nrdE,714
b2676,nrdF,319
b2677,proV,400
b2678,proW,354
b2679,proX,330
b2682,ygaZ,245
b2683,ygaH,111
b2684,mprA,176
b2685,emrA,390
b2686,emrB,512
b2687,luxS,171
b2688,gshA,518
b2689,yqaA,142
b2690,yqaB,188
b2696,csrA,61
b2697,alaS,876
b2698,recX,166
b2699,recA,353
b2700,pncC,165
b2701,mltB,361
b2702,srlA,187
b2703,srlE,319
b2704,srlB,123
b2705,srlD,259
b2706,gutM,119
b2707,srlR,257
b2708,gutQ,321
b2709,norR,504
b2710,norV,479
b2711,norW,377
b2712,hypF,750
b2713,hydN,175
b2714,ascG,336
b2715,ascF,485
b2716,ascB,474
b2717,hycI,156
b2718,hycH,136
b2719,hycG,255
b2720,hycF,180
b2721,hycE,569
b2722,hycD,307
b2723,hycC,608
b2724,hycB,203
b2725,hycA,153
b2726,hypA,116
b2727,hypB,290
b2728,hypC,90
b2729,hypD,373
b2730,hypE,336
b2731,fhlA,692
b2732,ygbA,117
b2733,mutS,853
b2734,pphB,218
b2735,ygbI,255
b2736,ygbJ,302
b2737,ygbK,388
b2738,ygbL,212
b2739,ygbM,258
b2740,ygbN,454
b2741,rpoS,330
b2742,nlpD,379
b2743,pcm,208
b2744,umpG,253
b2745,truD,349
b2746,ispF,159
b2747,ispD,236
b2748,ftsB,103
b2749,ygbE,107
b2750,cysC,201
b2751,cysN,475
b2752,cysD,302
b2753,iap,345
b2754,cas2,94
b2755,cas1,305
b2756,casE,199
b2757,casD,224
b2758,casC,363
b2759,casB,160
b2760,casA,502
b2761,cas3,888
b2762,cysH,244
b2763,cysI,570
b2764,cysJ,599
b2765,queD,121
b2766,ygcN,423
b2767,ygcO,86
b2768,ygcP,191
b2769,ygcQ,286
b2770,ygcR,259
b2771,ygcS,445
b2774,ygcW,261
b2775,yqcE,425
b2776,ygcE,492
b2777,queE,223
b2778,ygcG,290
b2779,eno,432
b2780,pyrG,545
b2781,mazG,263
b2782,mazF,111
b2783,mazE,82
b2784,relA,744
b2785,rlmD,433
b2786,barA,918
b2787,gudD,446
b2788,gudX,446
b2789,gudP,450
b2790,yqcA,149
b2791,truC,260
b2792,yqcC,109
b2793,syd,181
b2794,queF,282
b2795,ppnN,454
b2796,sdaC,429
b2797,sdaB,455
b2798,ygdG,251
b2799,fucO,382
b2800,fucA,215
b2801,fucP,438
b2802,fucI,591
b2803,fucK,472
b2804,fucU,140
b2805,fucR,243
b2806,rlmM,366
b2807,ygdD,131
b2808,gcvA,305
b2809,ygdI,75
b2810,csdA,401
b2811,csdE,147
b2812,tcdA,268
b2813,mltA,365
b2817,amiC,417
b2818,argA,443
b2819,recD,608
b2820,recB,1180
b2821,ptrA,962
b2822,recC,1122
b2823,ppdC,107
b2824,ygdB,135
b2825,ppdB,187
b2826,ppdA,156
b2827,thyA,264
b2828,lgt,291
b2829,ptsP,748
b2830,rppH,176
b2831,mutH,229
b2832,ygdQ,237
b2833,ygdR,72
b2834,tas,346
b2835,lplT,397
b2836,aas,719
b2837,galR,343
b2838,lysA,420
b2839,lysR,311
b2840,ygeA,230
b2841,araE,472
b2842,kduD,253
b2843,kduI,278
b2844,yqeF,393
b2845,yqeG,409
b2846,yqeH,210
b2847,yqeI,269
b2848,yqeJ,160
b2849,yqeK,141
b2851,ygeG,163
b2852,ygeH,458
b2853,ygeI,72
b2860,insD-4,301
b2861,insC-4,121
b2863,ygeQ,264
b2865,ygeR,251
b2866,xdhA,752
b2867,xdhB,292
b2868,xdhC,159
b2869,ygeV,592
b2870,ygeW,396
b2871,ygeX,398
b2872,ygeY,403
b2873,hyuA,461
b2874,yqeA,310
b2875,yqeB,541
b2876,yqeC,256
b2877,mocA,192
b2878,ygfK,1032
b2879,ssnA,442
b2880,ygfM,259
b2881,xdhD,956
b2882,xanQ,466
b2883,guaD,439
b2886,ygfS,162
b2887,ygfT,639
b2888,uacT,482
b2889,idi,182
b2890,lysS,505
b2891,prfB,365
b2892,recJ,577
b2893,dsbC,236
b2894,xerD,298
b2895,fldB,173
b2896,ygfX,135
b2897,sdhE,88
b2898,ygfZ,326
b2899,yqfA,219
b2900,yqfB,103
b2901,bglA,479
b2902,ygfF,247
b2903,gcvP,957
b2904,gcvH,129
b2905,gcvT,364
b2906,ubiI,400
b2907,ubiH,392
b2908,pepP,441
b2909,ygfB,192
b2910,zapA,109
b2912,fau,182
b2913,serA,410
b2914,rpiA,219
b2916,argP,297
b2917,scpA,714
b2918,argK,331
b2919,scpB,261
b2920,scpC,492
b2921,ygfI,298
b2922,yggE,246
b2923,argO,211
b2924,mscS,286
b2925,fbaA,359
b2926,pgk,387
b2927,epd,339
b2928,yggC,237
b2929,fumE,169
b2930,yggF,321
b2933,cmtA,462
b2934,cmtB,147
b2935,tktA,663
b2936,loiP,252
b2937,speB,306
b2938,speA,658
b2939,yqgB,43
b2940,yqgC,71
b2941,yqgD,83
b2942,metK,384
b2943,galP,464
b2944,yggI,165
b2945,endA,235
b2946,rsmE,243
b2947,gshB,316
b2948,yqgE,187
b2949,yqgF,138
b2950,yggR,326
b2951,yggS,234
b2952,yggT,188
b2953,yggU,96
b2954,rdgB,197
b2955,yggW,378
b2956,yggM,335
b2957,ansB,348
b2958,yggN,239
b2959,yggL,108
b2960,trmI,239
b2961,mutY,350
b2962,yggX,91
b2963,mltC,359
b2964,nupG,418
b2965,speC,711
b2966,yqgA,235
b2968,yghD,178
b2971,yghG,136
b2972,pppA,269
b2975,glcA,560
b2976,glcB,723
b2977,glcG,134
b2979,glcD,499
b2980,glcC,254
b2981,yghO,390
b2982,insH-9,338
b2983,yghQ,355
b2984,yghR,252
b2985,yghS,237
b2986,yghT,230
b2987,pitB,499
b2988,gss,619
b2989,yghU,288
b2990,hybG,82
b2991,hybF,113
b2992,hybE,162
b2993,hybD,164
b2994,hybC,567
b2995,hybB,392
b2996,hybA,328
b2997,hybO,372
b2998,yghW,95
b3001,gpr,346
b3002,yqhA,164
b3003,yghA,294
b3005,exbD,141
b3006,exbB,244
b3008,metC,395
b3009,yghB,219
b3010,yqhC,318
b3011,yqhD,387
b3012,dkgA,275
b3013,yqhG,308
b3014,yqhH,85
b3017,ftsP,470
b3018,plsC,245
b3019,parC,752
b3020,ygiS,535
b3021,mqsA,131
b3022,mqsR,98
b3023,ygiV,160
b3024,ygiW,130
b3025,qseB,219
b3026,qseC,449
b3027,ygiZ,110
b3028,mdaB,193
b3029,ygiN,104
b3030,parE,630
b3031,yqiA,193
b3032,cpdA,275
b3033,yqiB,140
b3034,nudF,209
b3035,tolC,493
b3036,ygiA,86
b3037,ygiB,223
b3038,ygiC,386
b3039,ygiD,271
b3040,zupT,257
b3041,ribB,217
b3042,ubiK,96
b3043,ygiL,183
b3044,insC-5,121
b3045,insD-5,301
b3047,yqiH,249
b3048,yqiI,354
b3049,glgS,66
b3050,yqiJ,209
b3051,yqiK,553
b3052,rfaE,477
b3053,glnE,946
b3054,ygiF,433
b3055,ygiM,206
b3056,cca,412
b3057,bacA,273
b3058,folB,122
b3059,plsY,205
b3060,ttdR,310
b3061,ttdA,303
b3062,ttdB,201
b3063,ttdT,487
b3064,tsaD,337
b3065,rpsU,71
b3066,dnaG,581
b3067,rpoD,613
b3068,mug,168
b3070,nfeF,254
b3071,nfeR,207
b3072,aer,506
b3073,patA,459
b3074,ygjH,110
b3075,ebgR,327
b3076,ebgA,1030
b3077,ebgC,149
b3078,ygjI,477
b3079,ygjJ,356
b3080,ygjK,783
b3081,fadH,672
b3082,higA,138
b3083,higB,104
b3084,rlmG,378
b3085,ygjP,167
b3086,ygjQ,230
b3087,ygjR,328
b3088,alx,321
b3089,sstT,414
b3090,ygjV,183
b3091,uxaA,495
b3092,uxaC,470
b3093,exuT,432
b3094,exuR,258
b3095,yqjA,220
b3096,mzrA,127
b3097,yqjC,122
b3098,yqjD,101
b3099,yqjE,134
b3100,yqjK,99
b3101,yqjF,130
b3102,yqjG,328
b3103,yhaH,121
b3104,yhaI,118
b3105,yhaJ,298
b3106,yhaK,233
b3107,yhaL,54
b3110,cyuP,443
b3113,tdcF,129
b3114,tdcE,764
b3115,tdcD,402
b3116,tdcC,443
b3117,tdcB,329
b3118,tdcA,312
b3119,tdcR,72
b3120,yhaB,179
b3121,yhaC,395
b3124,garK,381
b3125,garR,294
b3126,garL,256
b3127,garP,444
b3128,garD,523
b3129,prlF,111
b3130,yhaV,154
b3131,agaR,269
b3132,kbaZ,426
b3133,agaV,157
b3136,agaS,384
b3137,kbaY,286
b3138,agaB,158
b3139,agaC,267
b3140,agaD,263
b3141,agaI,251
b3142,yraH,194
b3143,yraI,231
b3144,yraJ,838
b3145,yraK,363
b3146,rsmI,286
b3147,lpoA,678
b3148,yraN,131
b3149,diaA,196
b3150,yraP,191
b3151,yraQ,346
b3152,yraR,211
b3153,yhbO,172
b3154,yhbP,147
b3155,yhbQ,100
b3156,yhbS,167
b3157,yhbT,174
b3158,yhbU,331
b3159,yhbV,292
b3160,yhbW,335
b3161,mtr,414
b3162,deaD,629
b3163,nlpI,294
b3164,pnp,711
b3165,rpsO,89
b3166,truB,314
b3167,rbfA,133
b3168,infB,890
b3169,nusA,495
b3170,rimP,150
b3172,argG,447
b3173,yhbX,541
b3175,secG,110
b3176,glmM,445
b3177,folP,282
b3178,ftsH,644
b3179,rlmE,209
b3180,yhbY,97
b3181,greA,158
b3182,dacB,477
b3183,obgE,390
b3184,yhbE,321
b3185,rpmA,85
b3186,rplU,103
b3187,ispB,323
b3188,sfsB,92
b3189,murA,419
b3190,ibaG,84
b3191,mlaB,97
b3192,mlaC,211
b3193,mlaD,183
b3194,mlaE,260
b3195,mlaF,269
b3196,yrbG,325
b3197,kdsD,328
b3198,kdsC,188
b3199,lptC,191
b3200,lptA,185
b3201,lptB,241
b3202,rpoN,477
b3203,hpf,95
b3204,ptsN,163
b3205,rapZ,284
b3206,npr,90
b3207,yrbL,210
b3208,mtgA,242
b3209,elbB,217
b3210,arcB,778
b3211,yhcC,309
b3212,gltB,1486
b3213,gltD,472
b3214,gltF,254
b3215,yhcA,224
b3216,yhcD,793
b3218,insH-10,338
b3219,yhcF,238
b3220,yhcG,375
b3221,yhcH,154
b3222,nanK,291
b3223,nanE,229
b3224,nanT,496
b3225,nanA,297
b3226,nanR,263
b3227,dcuD,455
b3228,sspB,165
b3229,sspA,212
b3230,rpsI,130
b3231,rplM,142
b3232,zapE,375
b3233,yhcB,132
b3234,degQ,455
b3235,degS,355
b3236,mdh,312
b3237,argR,156
b3238,yhcN,87
b3239,yhcO,90
b3240,aaeB,655
b3241,aaeA,310
b3242,aaeX,67
b3243,aaeR,309
b3244,tldD,481
b3247,rng,489
b3248,yhdE,197
b3249,mreD,162
b3250,mreC,367
b3251,mreB,347
b3252,csrD,646
b3253,yhdH,324
b3255,accB,156
b3256,accC,449
b3257,yhdT,80
b3258,panF,483
b3259,prmA,293
b3260,dusB,321
b3261,fis,98
b3262,yhdJ,294
b3263,yhdU,59
b3264,envR,220
b3265,acrE,385
b3266,acrF,1034
b3267,yhdV,73
b3269,yhdX,393
b3270,yhdY,367
b3271,yhdZ,252
b3279,yrdA,184
b3280,yrdB,85
b3281,aroE,272
b3282,tsaC,190
b3283,yrdD,180
b3284,smg,157
b3287,def,169
b3288,fmt,315
b3289,rsmB,429
b3290,trkA,458
b3291,mscL,136
b3292,zntR,141
b3293,yhdN,122
b3294,rplQ,127
b3295,rpoA,329
b3296,rpsD,206
b3297,rpsK,129
b3298,rpsM,118
b3299,rpmJ,38
b3300,secY,443
b3301,rplO,144
b3302,rpmD,59
b3303,rpsE,167
b3304,rplR,117
b3305,rplF,177
b3306,rpsH,130
b3307,rpsN,101
b3308,rplE,179
b3309,rplX,104
b3310,rplN,123
b3311,rpsQ,84
b3312,rpmC,63
b3313,rplP,136
b3314,rpsC,233
b3315,rplV,110
b3316,rpsS,92
b3317,rplB,273
b3318,rplW,100
b3319,rplD,201
b3320,rplC,209
b3321,rpsJ,103
b3322,gspB,139
b3323,gspA,489
b3324,gspC,271
b3325,gspD,650
b3326,gspE,493
b3327,gspF,398
b3328,gspG,145
b3329,gspH,169
b3330,gspI,125
b3331,gspJ,195
b3332,gspK,327
b3333,gspL,387
b3334,gspM,153
b3335,gspO,225
b3336,bfr,158
b3337,bfd,64
b3338,chiA,897
b3339,tufA,394
b3340,fusA,704
b3341,rpsG,179
b3342,rpsL,124
b3343,tusB,95
b3344,tusC,119
b3345,tusD,128
b3346,yheO,240
b3347,fkpA,270
b3348,slyX,72
b3349,slyD,196
b3350,kefB,601
b3351,kefG,184
b3352,yheS,637
b3353,yheT,340
b3354,yheU,72
b3355,prkB,289
b3356,yhfA,134
b3357,crp,210
b3358,yhfK,700
b3359,argD,406
b3360,pabA,187
b3361,fic,200
b3362,yhfG,55
b3363,ppiA,190
b3364,tsgA,393
b3365,nirB,847
b3366,nirD,108
b3367,nirC,268
b3368,cysG,457
b3369,yhfL,55
b3370,frlA,445
b3371,frlB,340
b3374,frlD,261
b3375,frlR,243
b3376,yhfS,361
b3377,yhfT,434
b3378,yhfU,117
b3379,php,292
b3380,yhfW,408
b3381,yhfX,387
b3382,yhfY,120
b3383,yhfZ,301
b3384,trpS,334
b3385,gph,252
b3386,rpe,225
b3387,dam,278
b3388,damX,428
b3389,aroB,362
b3390,aroK,173
b3391,hofQ,412
b3392,hofP,134
b3393,hofO,146
b3394,hofN,179
b3395,hofM,259
b3396,mrcA,850
b3397,nudE,186
b3398,igaA,711
b3399,yrfG,222
b3400,hslR,133
b3401,hslO,292
b3402,yhgE,574
b3403,pck,540
b3404,envZ,450
b3405,ompR,239
b3406,greB,158
b3407,yhgF,773
b3408,feoA,75
b3409,feoB,773
b3410,feoC,78
b3411,rpnA,292
b3412,bioH,256
b3413,yhgH,227
b3414,nfuA,191
b3415,gntT,438
b3416,malQ,694
b3417,malP,797
b3418,malT,901
b3421,rtcB,408
b3422,rtcR,532
b3424,glpG,276
b3425,glpE,108
b3426,glpD,501
b3427,yzgL,93
b3428,glgP,815
b3429,glgA,477
b3430,glgC,431
b3431,glgX,657
b3432,glgB,728
b3433,asd,367
b3434,yhgN,197
b3437,gntK,175
b3438,gntR,331
b3439,yhhW,231
b3440,yhhX,345
b3441,yhhY,162
b3442,yhhZ,392
b3444,insA-6,91
b3445,insB-6,167
b3446,yrhB,94
b3447,ggt,580
b3448,yhhA,146
b3449,ugpQ,247
b3450,ugpC,356
b3451,ugpE,281
b3452,ugpA,295
b3453,ugpB,438
b3454,livF,237
b3455,livG,255
b3456,livM,425
b3457,livH,308
b3458,livK,369
b3459,panZ,127
b3460,livJ,367
b3461,rpoH,284
b3462,ftsX,352
b3463,ftsE,222
b3464,ftsY,497
b3465,rsmD,198
b3466,yhhL,89
b3467,yhhM,119
b3468,yhhN,208
b3469,zntA,732
b3470,tusA,81
b3471,yhhQ,221
b3472,dcrB,185
b3473,yhhS,405
b3474,yhhT,349
b3475,acpT,195
b3476,nikA,524
b3477,nikB,314
b3478,nikC,277
b3479,nikD,254
b3480,nikE,268
b3481,nikR,133
b3482,rhsB,1411
b3483,yhhH,127
b3484,yhhI,378
b3485,yhhJ,374
b3486,rbbA,911
b3487,yhiI,355
b3488,yhiJ,540
b3491,yhiM,350
b3492,yhiN,400
b3493,pitA,499
b3494,uspB,111
b3495,uspA,144
b3496,dtpB,489
b3497,rsmJ,250
b3498,prlC,680
b3499,rlmJ,280
b3500,gor,450
b3501,arsR,117
b3502,arsB,429
b3503,arsC,141
b3505,insH-11,338
b3506,slp,188
b3507,dctR,176
b3508,yhiD,215
b3509,hdeB,108
b3510,hdeA,110
b3511,hdeD,190
b3512,gadE,175
b3513,mdtE,385
b3514,mdtF,1037
b3515,gadW,242
b3516,gadX,274
b3517,gadA,466
b3518,ccp,465
b3519,treF,549
b3520,yhjB,200
b3521,yhjC,299
b3522,yhjD,337
b3523,yhjE,440
b3524,yhjG,686
b3525,pdeH,255
b3526,kdgK,309
b3527,yhjJ,498
b3528,dctA,428
b3529,pdeK,662
b3530,bcsC,1157
b3531,bcsZ,368
b3532,bcsB,779
b3533,bcsA,872
b3535,yhjR,62
b3536,bcsE,523
b3537,bcsF,63
b3538,bcsG,559
b3539,yhjV,423
b3540,dppF,334
b3541,dppD,327
b3542,dppC,300
b3543,dppB,339
b3544,dppA,535
b3546,eptB,563
b3547,yhjX,402
b3548,yhjY,232
b3549,tag,187
b3550,yiaC,146
b3551,bisC,777
b3552,yiaD,219
b3553,ghrB,324
b3554,yiaF,236
b3555,yiaG,96
b3556,cspA,70
b3557,insJ,173
b3558,insK,283
b3559,glyS,689
b3560,glyQ,303
b3561,wecH,331
b3562,yiaA,145
b3563,yiaB,113
b3564,xylB,484
b3565,xylA,440
b3566,xylF,330
b3567,xylG,513
b3568,xylH,393
b3569,xylR,392
b3570,bax,274
b3571,malS,676
b3572,avtA,417
b3573,ysaA,157
b3574,yiaJ,282
b3575,yiaK,332
b3576,yiaL,155
b3577,yiaM,157
b3578,yiaN,425
b3579,yiaO,328
b3580,lyxK,498
b3581,sgbH,220
b3582,sgbU,286
b3583,sgbE,231
b3584,yiaT,246
b3585,yiaU,324
b3586,yiaV,378
b3587,yiaW,107
b3588,aldB,512
b3589,yiaY,383
b3590,selB,614
b3591,selA,463
b3592,yibF,202
b3593,rhsA,1377
b3594,yibA,280
b3596,yibG,153
b3597,yibH,378
b3598,yibI,120
b3599,mtlA,637
b3600,mtlD,382
b3601,mtlR,195
b3602,yibL,120
b3603,lldP,551
b3604,lldR,258
b3605,lldD,396
b3606,trmL,157
b3607,cysE,273
b3608,gpsA,339
b3609,secB,155
b3610,grxC,83
b3611,yibN,143
b3612,gpmM,514
b3613,envC,419
b3614,yibQ,319
b3615,waaH,344
b3616,tdh,341
b3617,kbl,398
b3618,htrL,285
b3619,rfaD,310
b3620,waaF,348
b3621,waaC,319
b3622,waaL,419
b3623,waaU,357
b3624,waaZ,283
b3625,waaY,232
b3626,waaJ,338
b3627,waaO,339
b3628,waaB,359
b3629,waaS,311
b3630,waaP,265
b3631,waaG,374
b3632,waaQ,344
b3633,waaA,425
b3634,coaD,159
b3635,mutM,269
b3636,rpmG,55
b3637,rpmB,78
b3638,yicR,222
b3639,dfp,406
b3640,dut,151
b3641,slmA,198
b3642,pyrE,213
b3643,rph,228
b3644,yicC,287
b3645,dinD,274
b3646,yicG,205
b3647,ligB,560
b3648,gmk,207
b3649,rpoZ,91
b3650,spoT,702
b3651,trmH,229
b3652,recG,693
b3653,gltS,401
b3654,xanP,463
b3655,yicH,569
b3656,yicI,772
b3657,yicJ,460
b3659,setC,394
b3660,yicL,307
b3661,nlpA,272
b3662,nepI,396
b3663,yicN,150
b3664,adeQ,444
b3665,adeD,588
b3666,uhpT,463
b3667,uhpC,439
b3668,uhpB,500
b3669,uhpA,196
b3670,ilvN,96
b3671,ilvB,562
b3672,ivbL,32
b3673,emrD,394
b3674,yidF,165
b3675,yidG,120
b3676,yidH,115
b3677,yidI,149
b3678,yidJ,497
b3679,yidK,571
b3680,yidL,297
b3681,glvG,212
b3682,glvB,161
b3683,glvC,368
b3684,yidP,238
b3685,yidE,553
b3686,ibpB,142
b3687,ibpA,137
b3688,yidQ,110
b3689,yidR,415
b3690,cbrA,354
b3691,dgoT,430
b3693,dgoK,292
b3696,yidX,218
b3697,yidA,270
b3698,yidB,132
b3699,gyrB,804
b3700,recF,357
b3701,dnaN,366
b3702,dnaA,467
b3703,rpmH,46
b3704,rnpA,119
b3705,yidC,548
b3706,mnmE,454
b3707,tnaC,24
b3708,tnaA,471
b3709,tnaB,415
b3710,mdtL,391
b3711,yidZ,319
b3712,yieE,249
b3713,yieF,188
b3714,adeP,445
b3715,yieH,221
b3716,cbrB,155
b3717,cbrC,195
b3718,yieK,240
b3719,yieL,389
b3720,bglH,538
b3721,bglB,470
b3722,bglF,625
b3723,bglG,278
b3724,phoU,241
b3725,pstB,257
b3726,pstA,296
b3727,pstC,319
b3728,pstS,346
b3729,glmS,609
b3730,glmU,456
b3731,atpC,139
b3732,atpD,460
b3733,atpG,287
b3734,atpA,513
b3735,atpH,177
b3736,atpF,156
b3737,atpE,79
b3738,atpB,271
b3739,atpI,126
b3740,rsmG,207
b3741,mnmG,629
b3742,mioC,147
b3743,asnC,152
b3744,asnA,330
b3745,viaA,483
b3746,ravA,498
b3747,kup,622
b3748,rbsD,139
b3749,rbsA,501
b3750,rbsC,321
b3751,rbsB,296
b3752,rbsK,309
b3753,rbsR,330
b3754,hsrA,475
b3755,yieP,230
b3764,maoP,112
b3765,yifB,506
b3766,ilvL,32
b3769,ilvM,87
b3770,ilvE,309
b3771,ilvD,616
b3772,ilvA,514
b3773,ilvY,297
b3774,ilvC,491
b3775,ppiC,93
b3778,rep,673
b3779,gpp,494
b3780,rhlB,421
b3781,trxA,109
b3782,rhoL,33
b3783,rho,419
b3784,rfe,367
b3785,wzzE,348
b3786,wecB,376
b3787,wecC,420
b3788,rffG,355
b3789,rffH,293
b3790,rffC,224
b3791,wecE,376
b3792,wzxE,416
b3793,wzyE,450
b3794,rffM,246
b3795,yifK,461
b3800,aslB,411
b3801,aslA,551
b3802,hemY,398
b3803,hemX,393
b3804,hemD,246
b3805,hemC,313
b3806,cyaA,848
b3807,cyaY,106
b3808,yzcX,161
b3809,dapF,274
b3810,yigA,235
b3811,xerC,298
b3812,yigB,238
b3813,uvrD,720
b3816,corA,316
b3817,yigF,126
b3818,yigG,126
b3819,rarD,296
b3820,yigI,155
b3821,pldA,289
b3822,recQ,609
b3823,rhtC,206
b3824,rhtB,206
b3825,pldB,340
b3826,yigL,266
b3827,bioP,299
b3828,metR,317
b3829,metE,753
b3830,ysgA,271
b3831,udp,253
b3832,rmuC,475
b3833,ubiE,251
b3834,ubiJ,201
b3835,ubiB,546
b3836,tatA,89
b3838,tatB,171
b3839,tatC,258
b3842,rfaH,162
b3843,ubiD,497
b3844,fre,233
b3845,fadA,387
b3846,fadB,729
b3847,pepQ,443
b3848,yigZ,204
b3849,trkH,483
b3850,hemG,181
b3856,mobB,175
b3857,mobA,194
b3858,yihD,89
b3859,srkA,328
b3860,dsbA,208
b3861,yihF,476
b3862,yihG,310
b3863,polA,928
b3865,yihA,210
b3866,yihI,169
b3867,hemN,457
b3868,glnG,469
b3869,glnL,349
b3870,glnA,469
b3871,bipA,607
b3872,yihL,236
b3873,yihM,326
b3874,yihN,421
b3875,ompL,230
b3876,yihO,467
b3877,yihP,461
b3878,yihQ,678
b3879,yihR,308
b3880,yihS,413
b3881,yihT,292
b3882,yihU,298
b3883,yihV,298
b3884,yihW,261
b3885,yihX,199
b3886,yihY,290
b3887,dtd,145
b3888,yiiD,329
b3889,yiiE,72
b3890,yiiF,72
b3891,fdhE,309
b3892,fdoI,211
b3893,fdoH,300
b3894,fdoG,1016
b3895,fdhD,277
b3896,yiiG,351
b3897,frvR,582
b3898,frvX,356
b3899,frvB,483
b3900,frvA,148
b3901,rhaM,104
b3902,rhaD,274
b3903,rhaA,419
b3904,rhaB,489
b3905,rhaS,278
b3906,rhaR,282
b3907,rhaT,344
b3908,sodA,206
b3909,kdgT,327
b3910,yiiM,224
b3911,cpxA,457
b3912,cpxR,232
b3915,fieF,300
b3916,pfkA,320
b3917,sbp,329
b3918,cdh,251
b3919,tpiA,255
b3920,yiiQ,199
b3921,yiiR,146
b3922,yiiS,99
b3923,uspD,142
b3924,fpr,248
b3925,glpX,336
b3926,glpK,502
b3927,glpF,281
b3928,zapB,81
b3929,rraA,161
b3930,menA,308
b3931,hslU,443
b3932,hslV,176
b3933,ftsN,319
b3934,cytR,341
b3935,priA,732
b3936,rpmE,70
b3937,yiiX,202
b3938,metJ,105
b3939,metB,386
b3940,metL,810
b3941,metF,296
b3942,katG,726
b3943,yijE,301
b3944,yijF,205
b3945,gldA,367
b3946,fsaB,220
b3947,ptsA,833
b3949,frwC,359
b3950,frwB,106
b3951,pflD,765
b3952,pflC,292
b3953,frwD,113
b3954,yijO,283
b3955,eptC,577
b3956,ppc,883
b3957,argE,383
b3958,argC,334
b3959,argB,258
b3960,argH,457
b3961,oxyR,305
b3962,sthA,466
b3963,fabR,234
b3964,yijD,119
b3965,trmA,366
b3966,btuB,614
b3967,murI,285
b3972,murB,342
b3973,birA,321
b3974,coaA,316
b3980,tufB,394
b3981,secE,127
b3982,nusG,181
b3983,rplK,142
b3984,rplA,234
b3985,rplJ,165
b3986,rplL,121
b3987,rpoB,1342
b3988,rpoC,1407
b3989,yjaZ,179
b3990,thiH,377
b3991,thiG,256
b3992,thiF,251
b3993,thiE,211
b3994,thiC,631
b3995,rsd,158
b3996,nudC,257
b3997,hemE,354
b3998,nfi,223
b3999,yjaG,196
b4000,hupA,90
b4001,yjaH,231
b4002,zraP,141
b4003,zraS,465
b4004,zraR,441
b4005,purD,429
b4006,purH,529
b4011,yjaA,127
b4012,yjaB,147
b4013,metA,309
b4014,aceB,533
b4015,aceA,434
b4016,aceK,578
b4017,arpA,728
b4018,iclR,274
b4019,metH,1227
b4020,yjbB,543
b4021,pepE,229
b4022,rluF,290
b4023,yjbD,90
b4024,lysC,449
b4025,pgi,549
b4026,yjbE,80
b4027,yjbF,212
b4028,yjbG,245
b4029,yjbH,698
b4030,psiE,136
b4031,xylE,491
b4032,malG,296
b4033,malF,514
b4034,malE,396
b4035,malK,371
b4036,lamB,446
b4037,malM,306
b4039,ubiC,165
b4040,ubiA,290
b4041,plsB,807
b4042,dgkA,122
b4043,lexA,202
b4044,dinF,459
b4045,yjbJ,69
b4046,zur,171
b4047,yjbL,84
b4048,yjbM,235
b4049,dusA,345
b4050,pspG,80
b4051,qorA,327
b4052,dnaB,471
b4053,alr,359
b4054,tyrB,397
b4055,aphA,237
b4056,yjbQ,138
b4057,yjbR,118
b4058,uvrA,940
b4059,ssb,178
b4060,yjcB,93
b4061,pdeC,528
b4062,soxS,107
b4063,soxR,154
b4064,ghxP,449
b4065,yjcE,549
b4066,yjcF,430
b4067,actP,549
b4068,yjcH,104
b4069,acs,652
b4070,nrfA,478
b4071,nrfB,188
b4072,nrfC,223
b4073,nrfD,318
b4074,nrfE,552
b4075,nrfF,127
b4076,nrfG,198
b4077,gltP,437
b4078,yjcO,229
b4079,fdhF,715
b4080,mdtP,488
b4081,mdtO,683
b4082,mdtN,343
b4083,yjcS,661
b4084,alsK,309
b4085,alsE,231
b4086,alsC,326
b4087,alsA,510
b4088,alsB,311
b4089,alsR,296
b4090,rpiB,149
b4092,phnP,252
b4093,phnO,144
b4094,phnN,185
b4095,phnM,378
b4096,phnL,226
b4097,phnK,252
b4098,phnJ,281
b4099,phnI,354
b4100,phnH,194
b4101,phnG,150
b4102,phnF,241
b4105,phnD,338
b4106,phnC,262
b4107,yjdN,147
b4108,yjdM,111
b4109,crfC,742
b4110,yjcZ,292
b4111,proP,500
b4112,basS,363
b4113,basR,222
b4114,eptA,547
b4115,adiC,445
b4116,adiY,253
b4117,adiA,755
b4118,melR,302
b4119,melA,451
b4120,melB,473
b4121,yjdF,209
b4122,fumB,548
b4123,dcuB,446
b4124,dcuR,239
b4125,dcuS,543
b4126,yjdI,76
b4127,yjdJ,90
b4128,ghoS,98
b4129,lysU,505
b4130,dtpC,485
b4131,cadA,715
b4132,cadB,444
b4133,cadC,512
b4135,yjdC,191
b4136,dsbD,565
b4137,cutA,112
b4138,dcuA,433
b4139,aspA,478
b4140,fxsA,158
b4141,yjeH,418
b4142,groS,97
b4143,groL,548
b4144,yjeI,117
b4145,yjeJ,289
b4146,epmB,342
b4147,efp,188
b4148,gdx,105
b4149,blc,177
b4150,ampC,377
b4151,frdD,119
b4152,frdC,131
b4153,frdB,244
b4154,frdA,602
b4155,epmA,325
b4156,yjeM,500
b4157,yjeN,104
b4158,yjeO,104
b4159,mscM,1107
b4160,psd,322
b4161,rsgA,350
b4162,orn,181
b4166,queG,379
b4167,nnr,515
b4168,tsaE,153
b4169,amiB,445
b4170,mutL,615
b4171,miaA,316
b4172,hfq,102
b4173,hflX,426
b4174,hflK,419
b4175,hflC,334
b4176,yjeT,65
b4177,purA,432
b4178,nsrR,141
b4179,rnr,813
b4180,rlmB,243
b4181,yjfI,133
b4182,yjfJ,232
b4183,yjfK,219
b4184,yjfL,132
b4185,yjfM,212
b4186,yjfC,387
b4187,aidB,541
b4188,yjfN,91
b4189,bsmA,109
b4190,yjfP,249
b4191,ulaR,251
b4192,ulaG,354
b4193,ulaA,465
b4194,ulaB,101
b4195,ulaC,154
b4196,ulaD,216
b4197,ulaE,284
b4198,ulaF,228
b4199,yjfY,91
b4200,rpsF,131
b4201,priB,104
b4202,rpsR,75
b4203,rplI,149
b4204,yjfZ,264
b4206,ytfB,212
b4207,fklB,206
b4208,cycA,470
b4209,ytfE,220
b4210,ytfF,321
b4211,qorB,286
b4212,ytfH,126
b4213,cpdB,647
b4214,cysQ,246
b4215,ytfI,312
b4216,ytfJ,184
b4217,ytfK,68
b4218,ytfL,447
b4219,msrA,212
b4220,tamA,577
b4221,tamB,1259
b4222,ytfP,113
b4223,yzfA,89
b4224,chpS,83
b4225,chpB,116
b4226,ppa,176
b4227,ytfQ,318
b4230,ytfT,341
b4231,yjfF,331
b4232,fbp,332
b4233,mpl,457
b4234,yjgA,183
b4235,pmbA,450
b4237,nrdG,154
b4238,nrdD,712
b4239,treC,551
b4240,treB,473
b4241,treR,315
b4242,mgtA,898
b4243,ridA,128
b4244,pyrI,153
b4245,pyrB,311
b4246,pyrL,44
b4248,yjgH,131
b4249,bdcA,237
b4251,bdcR,197
b4252,tabA,150
b4253,yjgL,604
b4254,argI,334
b4255,rraB,138
b4256,yjgM,167
b4257,yjgN,398
b4258,valS,951
b4259,holC,147
b4260,pepA,503
b4261,lptF,366
b4262,lptG,360
b4263,yjgR,500
b4264,idnR,332
b4265,idnT,439
b4266,idnO,254
b4267,idnD,343
b4268,idnK,187
b4269,ahr,339
b4272,insC-6,121
b4273,insD-6,301
b4277,yjgZ,109
b4278,insG,442
b4279,yjhB,405
b4280,yjhC,372
b4284,insI-3,383
b4287,fecE,255
b4288,fecD,318
b4289,fecC,332
b4290,fecB,300
b4291,fecA,774
b4292,fecR,317
b4293,fecI,173
b4294,insA-7,91
b4295,yjhU,328
b4296,yjhF,449
b4297,yjhG,655
b4298,yjhH,301
b4299,yjhI,262
b4300,sgcR,260
b4301,sgcE,210
b4302,sgcA,143
b4303,sgcQ,268
b4304,sgcC,437
b4305,sgcX,373
b4306,yjhP,248
b4307,yjhQ,181
b4309,nanS,326
b4310,nanM,368
b4311,nanC,238
b4312,fimB,200
b4313,fimE,198
b4314,fimA,182
b4315,fimI,179
b4316,fimC,241
b4317,fimD,878
b4318,fimF,176
b4319,fimG,167
b4320,fimH,300
b4321,gntP,447
b4322,uxuA,394
b4323,uxuB,486
b4324,uxuR,257
b4325,yjiC,276
b4326,iraD,130
b4327,hypT,303
b4328,iadA,390
b4329,yjiG,153
b4330,yjiH,227
b4331,kptA,184
b4332,yjiJ,392
b4333,yjiK,286
b4334,yjiL,255
b4335,yjiM,383
b4336,yjiN,426
b4337,mdtM,410
b4340,yjiR,470
b4341,yjiS,54
b4342,yjiT,505
b4345,mcrC,348
b4346,mcrB,459
b4347,symE,113
b4348,hsdS,464
b4349,hsdM,529
b4350,hsdR,1170
b4351,mrr,304
b4352,yjiA,318
b4353,yjiX,67
b4354,btsT,716
b4355,tsr,551
b4356,lgoT,453
b4357,lgoR,304
b4358,lgoD,340
b4359,opgB,763
b4360,yjjA,164
b4361,dnaC,245
b4362,dnaT,179
b4363,yjjB,157
b4364,yjjP,256
b4365,yjjQ,241
b4366,bglJ,225
b4367,fhuF,262
b4371,rsmC,343
b4372,holD,137
b4373,rimI,148
b4374,yjjG,225
b4375,prfC,529
b4376,osmY,201
b4377,yjjU,357
b4378,yjjV,259
b4379,yjjW,287
b4380,yjjI,516
b4381,deoC,259
b4382,deoA,440
b4383,deoB,407
b4384,deoD,239
b4385,yjjJ,443
b4386,lplA,338
b4387,ytjB,214
b4388,serB,322
b4389,radA,460
b4390,nadR,410
b4391,ettA,555
b4392,slt,645
b4393,trpR,108
b4394,yjjX,170
b4395,ytjC,215
b4396,rob,289
b4397,creA,157
b4398,creB,229
b4399,creC,474
b4400,creD,450
b4401,arcA,238
b4402,yjjY,46
b4403,yjtD,228
b4406,yaeP,66
b4407,thiS,66
b4409,blr,41
b4410,ecnA,41
b4411,ecnB,48
b4412,hokC,50
b4415,hokE,50
b4419,ldrA,35
b4421,ldrB,35
b4423,ldrC,35
b4428,hokB,49
b4453,ldrD,35
b4455,hokA,50
b4460,araH,328
b4461,yfjD,428
b4463,ygcU,484
b4464,ghxQ,455
b4465,yggP,425
b4466,yghJ,1520
b4467,glcF,407
b4468,glcE,350
b4469,ygiQ,739
b4470,cyuA,436
b4471,tdcG,454
b4472,yhdP,1266
b4473,smf,374
b4474,frlC,276
b4475,rtcA,338
b4476,gntU,446
b4477,dgoA,205
b4478,dgoD,382
b4479,dgoR,229
b4480,hdfR,279
b4481,rffT,359
b4482,yigE,254
b4483,tatD,260
b4484,cpxP,166
b4485,ytfR,500
b4487,yjdP,109
b4501,torI,66
b4502,yeiW,84
b4504,ykfH,73
b4506,ykgO,46
b4509,ylcG,46
b4510,rzoD,60
b4511,ybdZ,72
b4512,ybdD,65
b4513,kdpF,29
b4514,ybfQ,84
b4515,cydX,37
b4516,insA-4,91
b4517,gnsA,57
b4518,ymdF,57
b4520,ymgF,72
b4522,ymiA,54
b4523,yciX,55
b4525,ymjC,60
b4526,ydaE,56
b4527,ydaF,51
b4528,rzoR,61
b4529,ydbJ,88
b4532,hicA,58
b4533,ynfO,77
b4534,ynfP,36
b4535,yniD,35
b4536,yobH,79
b4537,yecJ,83
b4538,yoeF,118
b4539,yoeB,84
b4541,yehK,105
b4542,yohO,35
b4544,arnE,111
b4545,ypdJ,46
b4546,ypeB,72
b4547,ypfN,66
b4548,ypjJ,66
b4550,arfA,72
b4551,yheV,66
b4553,ysaB,99
b4554,yibT,69
b4555,yicS,97
b4557,yidD,85
b4558,yifL,67
b4559,ghoT,57
b4565,sgcB,92
b4566,topAI,85
b4567,yjjZ,78
b4568,ytjA,53
b4572,ylbE,419
b4586,ykfM,159
b4588,ylcH,33
b4589,ylcI,64
b4590,ybfK,85
b4592,appX,30
b4593,ymgI,57
b4594,ymgJ,61
b4595,yciY,57
b4596,yciZ,57
b4598,yncL,31
b4599,mgtS,31
b4601,ydgU,27
b4602,ynhF,29
b4604,yojO,54
b4605,ypaB,47
b4606,ypfM,19
b4610,ygdT,48
b4612,yrhD,51
b4613,dinQ,27
b4615,yibV,111
b4618,tisB,29
b4620,yjbT,92
b4621,yjbS,67
b4622,ytcA,91
b4637,uof,28
b4655,ythA,41
b4662,sgrT,43
b4663,azuC,28
b4664,ibsD,19
b4665,ibsC,19
b4666,ibsE,19
b4667,ibsA,19
b4668,ibsB,18
b4669,ilvX,16
b4670,yjeV,17
b4671,ykgR,33
b4672,ymiB,34
b4673,ymjD,21
b4674,ynbG,21
b4675,yoaJ,24
b4676,yoaK,32
b4677,yobI,21
b4678,yoeI,20
b4679,yohP,27
b4680,ypdK,23
b4682,yqcG,46
b4683,yqeL,26
b4684,yqfG,41
b4685,yrbN,26
b4686,yshB,36
b4687,shoB,26
b4688,ykgS,42
b4689,rzoQ,84
b4702,mgtL,17
b4703,pmrR,29
b4705,mntS,42
b4706,iroK,21
b4709,insA9,91
b4710,insB9,167
b4711,insH21,338
b4715,ytiA,85
b4720,ytiC,33
b4721,ytiD,47
b4722,idlP,27
b4723,ymcF,62
b4724,ynfQ,62
b4725,rseD,51
b4726,yabR,14
b4727,yacM,14
b4728,yadW,21
b4729,ykgV,74
b4730,yahV,24
b4731,ykiC,39
b4732,ykiD,27
b4733,ylcJ,49
b4734,yldA,29
b4735,ybgU,35
b4736,yliM,21
b4737,ymdG,40
b4738,ymgK,14
b4739,ymgL,36
b4740,ymgM,67
b4741,ymiC,31
b4742,ymjE,54
b4743,ynaL,57
b4744,ynaM,37
b4745,yncO,61
b4746,yddY,13
b4747,yneP,40
b4748,ynfT,37
b4749,ynfR,21
b4750,ynfS,29
b4751,yoaL,69
b4752,yecU,58
b4753,yqfH,23
b4754,yqfI,27
b4755,yqhI,47
b4756,yqiD,56
b4757,ysdD,26
